Campaign ID,Campaign Name,Campaign Code,Code Used,Code Quota,Campaign Start Date,Campaign End Date,Promo Duration
471,ANGPAO DOKU ,DOKUANGPAO100,10,500,"February 7, 2019, 00:00","February 28, 2019, 23:59",21 days
96,SUKA ERAFONE,SUKADOKU,16,50,"May 30, 2016, 00:00","June 5, 2016, 23:59",6 days
509,Thank DOKU its Friday,TDIFASMARAKU1,0,100,"May 17, 2019, 00:00","May 19, 2019, 23:59",2 days
512,DOKU CEBAN,CEBANMUSIC5,38,250,"May 25, 2019, 00:00","June 10, 2019, 23:59",16 days
854,Saatnya Ragnarok,ROODOKUNIPIN,144,"1,000","June 21, 2023, 00:00","June 30, 2023, 23:59",9 days
825,CEBAN,TAGIHANCEBANFEB2,"1,488","1,500","January 25, 2023, 00:00","February 10, 2023, 23:59",16 days
265,DOKU TARQ DATA,DOKUTARQDATA,0,20,"October 20, 2017, 00:00","November 5, 2017, 23:59",16 days
44,TEST EVI,EVI2,1,15,"February 9, 2016, 00:00","February 10, 2016, 23:59",1 days
481,DOKU CEBAN,CEBANTAGIHAN3,245,500,"March 25, 2019, 00:00","April 10, 2019, 23:59",16 days
57,Test XL 3,LONDON25,0,6,"March 14, 2016, 00:00","March 15, 2016, 23:59",1 days
272,Pasar GENIT x bonusDOKU - BookMyShow,BONUSBMS,0,100,"October 27, 2017, 00:00","December 5, 2017, 23:59",39 days
718,testinhceban,testceban20,0,20,"August 25, 2021, 00:00","August 26, 2021, 23:59",1 days
150,PROMO INDOSAT 250,ISAT250,9,100,"September 21, 2016, 00:00","December 31, 2016, 23:59",101 days
416,DOKU HEMAT,DOKUHEMAT20,1,100,"August 1, 2018, 00:00","August 31, 2018, 23:59",30 days
31,PROMOCODE7,PROMOCODE7,1,1,"January 5, 2016, 00:00","January 5, 2016, 23:59",0 days
378,"TEST Sushi roll , genflix and G-tunes ",TESTPROMO,0,10,"April 25, 2018, 00:00","April 26, 2018, 23:59",1 days
764,TESTCAMPAIGNCEBAN1234,TESTCAMPAIGNCEBAN1234,1,100,"January 24, 2022, 00:00","January 25, 2022, 23:59",1 days
78,Test Suka,TS1000,0,12,"May 13, 2016, 00:00","May 16, 2016, 23:59",3 days
309,Jakcloth Spotify,OBRALSPOTIFY,2,200,"December 6, 2017, 00:00","December 31, 2017, 23:59",25 days
395,OKTAGON RH,OKTAGONRH,0,5,"May 3, 2018, 00:00","May 5, 2018, 23:59",2 days
503,Thank DOKU its Friday,TDIFAS,0,50,"May 10, 2019, 00:00","May 12, 2019, 23:59",2 days
247,Bonus Pulsa Data,BONUSPULSADATA,258,"3,000","August 15, 2017, 00:00","September 4, 2017, 23:59",20 days
508,Thank DOKU Its Friday,TDIFOOD,0,100,"May 17, 2019, 00:00","May 19, 2019, 23:59",2 days
740,CEBAN,CEBANGAMESDEC,51,500,"November 25, 2021, 00:00","December 10, 2021, 23:59",15 days
8,Promocodee,PromocodeE,1,2,"December 29, 2015, 00:00","December 30, 2015, 23:59",1 days
450,BIGO PROMO,BIGOTEN1,1,10,"November 7, 2018, 00:00","November 10, 2018, 23:59",3 days
218,test xl,testingxlpaket,0,5,"July 20, 2017, 00:00","July 23, 2017, 23:59",3 days
360,DOKU PEDAS THE BODYSHOP,PEDASHOP,0,200,"March 30, 2018, 00:00","May 1, 2018, 23:59",32 days
520,DOKU CEBAN,CEBANMOVIE6,192,250,"June 25, 2019, 00:00","July 10, 2019, 23:59",15 days
149,PROMO INDOSAT 150,ISAT150,21,150,"September 21, 2016, 00:00","December 31, 2016, 23:59",101 days
808,CEBAN,TAGIHANCEBANOCT,"1,473","1,500","October 25, 2022, 00:00","November 10, 2022, 23:59",16 days
217,Lazada Pulsa more 150K,LZDPULSABIG,0,150,"June 21, 2017, 00:00","September 30, 2017, 23:59",101 days
413,SPOTIFY CEBAN JULY ,SPOTIFYCEBAN7,100,100,"July 25, 2018, 00:00","August 10, 2018, 23:59",16 days
683,BIKIN UNTUNG,ANGPAOUNIPIN25,499,500,"March 8, 2021, 00:00","April 8, 2021, 23:59",31 days
739,ISOMEN,PRODIADOKU,1,250,"November 15, 2021, 00:00","December 15, 2021, 23:59",30 days
803,CEBAN,TAGIHANCEBANOCTOBER,"1,484","1,500","September 25, 2022, 00:00","October 10, 2022, 23:59",15 days
578,ANGPAO DOKU 2020,ANGPAOTBS,0,250,"January 20, 2020, 00:00","March 10, 2020, 23:59",50 days
828,SAATNYA BITTIME,DOKUBITTIME,128,"1,500","February 15, 2023, 00:00","March 15, 2023, 23:59",28 days
889,CEBAN,DECEMBERJEMPOLANBILLER,"1,486","1,500","November 25, 2023, 00:00","December 10, 2023, 23:59",15 days
563,DOKU CEBAN ,CEBANMUSIC11,20,250,"November 25, 2019, 00:00","December 10, 2019, 23:59",15 days
109,CODA STEAM,DOKUSTEAM,84,"1,000","June 22, 2016, 00:00","October 31, 2016, 23:59",131 days
914,CEBAN,CEBANTAGIHANJANUARI,"1,499","1,500","June 25, 2024, 00:00","July 10, 2024, 23:59",15 days
281,Pasar GENIT x bonusDOKU - AirAsia,BONUSAIRASIA,0,100,"October 27, 2017, 00:00","December 5, 2017, 23:59",39 days
710,CEBAN,MUSICNYAJULI,5,250,"July 25, 2021, 00:00","August 10, 2021, 23:59",16 days
212,Lazada Pulsa 25K,LZDPULSA25,50,50,"June 21, 2017, 00:00","September 30, 2017, 23:59",101 days
287,Pasar GENIT x bonusDOKU - PHM,BONUSPHM,0,50,"October 27, 2017, 00:00","December 5, 2017, 23:59",39 days
58,Test XL 4,BANDUNG25,0,6,"March 14, 2016, 00:00","March 15, 2016, 23:59",1 days
624,HAPPYDIRUMAH,Happyalfacart,"1,000","1,000","April 6, 2020, 00:00","May 31, 2020, 23:59",55 days
777,CEBAN,CahyaDiMusic,1,250,"April 25, 2022, 00:00","May 10, 2022, 23:59",15 days
452,CEBAN NOVEMBER ,TAGIHANCEBAN11,104,250,"November 25, 2018, 00:00","December 10, 2018, 23:59",15 days
821,KAMSIA DOKU ,JOOXCNY,0,200,"January 20, 2023, 00:00","February 20, 2023, 23:59",31 days
729,test isomen ,isomentesting123,0,10,"October 4, 2021, 00:00","October 5, 2021, 23:59",1 days
717,CEBAN,DOKUGOCEBAN1,2,250,"August 25, 2021, 00:00","September 10, 2021, 23:59",16 days
151,PROMO INDOSAT 500,ISAT500,2,40,"September 21, 2016, 00:00","December 31, 2016, 23:59",101 days
923,testpromoGA24,TESTGA29,0,"1,000","July 29, 2024, 00:00","July 31, 2024, 23:59",2 days
256,DOKU SANTAN Coolinair,DOKUSANTANDATA,4,"1,125","September 29, 2017, 00:00","October 8, 2017, 23:59",9 days
382,SUSHIROLL,SUSHI1,0,100,"April 26, 2018, 00:00","April 27, 2018, 23:59",1 days
199,Paytren DOKU,GRABDOKUPAYTREN,16,250,"May 3, 2017, 00:00","June 30, 2017, 23:59",58 days
283,Pasar GENIT x bonusDOKU - UNIPIN,BONUSUNIPIN,0,150,"October 27, 2017, 00:00","December 5, 2017, 23:59",39 days
790,CEBAN,CEBANMUSIC8,1,250,"July 25, 2022, 00:00","August 10, 2022, 23:59",16 days
501,Thank DOKU its Friday ,TDIFBMS,35,250,"May 10, 2019, 00:00","May 12, 2019, 23:59",2 days
570,CEBAN DESEMBER,CEBANMOVIE12,108,250,"December 25, 2019, 00:00","January 10, 2020, 23:59",16 days
296,JakCloth KAI,JAKCLOTHKAI,1,200,"December 6, 2017, 00:00","December 31, 2017, 23:59",25 days
365,DOKU PEDAS STYLEKOREAN,PEDASSTYLE,13,200,"March 30, 2018, 00:00","May 1, 2018, 23:59",32 days
538,DOKUCEBAN,CEBANPULSA9,454,500,"September 25, 2019, 00:00","October 10, 2019, 23:59",15 days
159,DOKUAIRASIA01,AADOKU100,24,"1,000","October 31, 2016, 00:00","November 13, 2016, 23:59",13 days
63,Test XL 7,SAM25,0,2,"March 15, 2016, 00:00","March 16, 2016, 23:59",1 days
443,DOKU BUDGET FRIENDLY FLIGHT,DOKUBFF,2,200,"October 29, 2018, 00:00","November 10, 2018, 23:59",12 days
654,DOKUCEBAN,CEBANPULSA09,200,500,"August 25, 2020, 00:00","September 10, 2020, 23:59",16 days
484,Thank DOKU its Friday,TDIFTELKOMSEL,95,100,"April 19, 2019, 00:00","April 21, 2019, 23:59",2 days
211,DIORAMA 100K,DIORAMA100,270,500,"June 7, 2017, 00:00","June 30, 2017, 23:59",23 days
510,DOKU CEBAN,CEBANPULSA5,492,500,"May 25, 2019, 00:00","June 10, 2019, 23:59",16 days
670,NONTONBARENGDOKU,NONTONBARENGKINAR,1,500,"December 1, 2020, 00:00","December 16, 2020, 23:59",15 days
747,CEBAN,CEBANGAMESLIBURAN,136,750,"December 25, 2021, 00:00","January 10, 2022, 23:59",16 days
502,Thank DOKU its Friday,TDIFGIFTN,0,50,"May 10, 2019, 00:00","May 12, 2019, 23:59",2 days
648,CEBAN,MUSICEBAN007,10,250,"June 25, 2020, 00:00","July 10, 2020, 23:59",15 days
786,CEBAN,CEBANJUNIMUSIC,2,250,"June 25, 2022, 00:00","July 10, 2022, 23:59",15 days
189,PHMTEST1,PHMTEST1,0,50,"March 19, 2017, 00:00","March 31, 2017, 23:59",12 days
425,OBAT GANTENG DISKON SABLENG ,PUYERGANTENGBGT,0,200,"September 10, 2018, 00:00","October 31, 2018, 23:59",51 days
559,DOKUNIPIN,DOKUNIPIN10,0,"1,000","November 10, 2019, 00:00","December 10, 2019, 23:59",30 days
798,testingLevis,TESTINGLV,0,10,"August 30, 2022, 00:00","August 31, 2022, 23:59",1 days
69,DISKON RED DOORZ,DOKURED,11,500,"March 17, 2016, 00:00","December 31, 2016, 23:59",289 days
432,TEST GEN,TESTGEN2,0,5,"September 24, 2018, 00:00","September 25, 2018, 23:59",1 days
901,CEBAN,CEBANGOC24,732,750,"February 25, 2024, 00:00","March 10, 2024, 23:59",14 days
153,EZY TOP UP 1,EZYTOPUP10,0,250,"October 17, 2016, 00:00","November 17, 2016, 23:59",31 days
251,Bonus Fashion,BONUSSTYLE,0,500,"August 15, 2017, 00:00","September 30, 2017, 23:59",46 days
402,CEBAN PULSA MEI,PULSACEBAN5,235,500,"May 25, 2018, 00:00","June 5, 2018, 23:59",11 days
784,CEBAN,CEBANJUNITAGIHAN,533,750,"June 25, 2022, 00:00","July 10, 2022, 23:59",15 days
221,PDPJuli - Codapay,CODAJULI,21,250,"July 24, 2017, 00:00","August 31, 2017, 23:59",38 days
705,CEBAN,CEBANMUSICJUNI,7,250,"June 25, 2021, 00:00","July 10, 2021, 23:59",15 days
873,CEBAN,CEBANBILLEROCT10,0,"1,500","September 25, 2023, 00:00","October 10, 2023, 23:59",15 days
29,PROMOOCODE7,PROMOOCODE7,0,1,"January 5, 2015, 00:00","January 5, 2015, 23:59",0 days
362,DOKU PEDAS SATV,PEDASSATV,0,300,"March 30, 2018, 00:00","May 1, 2018, 23:59",32 days
491,DOKU CEBAN,CEBANTAGIHAN4,6,500,"April 25, 2019, 00:00","May 10, 2019, 23:59",15 days
241,PTR OCO PROMO,PTROCO,1,1,"August 15, 2017, 00:00","August 15, 2017, 23:59",0 days
518,DOKU CEBAN,CEBANTAGIHAN6,296,500,"June 25, 2019, 00:00","July 10, 2019, 23:59",15 days
222,PDPJuli - BookMyShow,BMSJULI,2,500,"July 24, 2017, 00:00","August 31, 2017, 23:59",38 days
690,test campaign razer,test8888,0,10,"March 24, 2021, 00:00","March 25, 2021, 23:59",1 days
546,DOKUIFSE,DOMORE,7,100,"September 23, 2019, 00:00","September 24, 2019, 23:59",1 days
532,DOKU CEBAN,MOVIECEBAN7,77,500,"July 25, 2019, 00:00","August 10, 2019, 23:59",16 days
637,MARHABAN DOKU,MARHABANPHD,24,250,"May 18, 2020, 00:00","June 18, 2020, 23:59",31 days
591,CEBAN ,CEBANPULSA02,490,500,"February 25, 2020, 00:00","March 10, 2020, 23:59",14 days
834,CEBAN,GOCEBANAPRIL,749,750,"March 25, 2023, 00:00","April 10, 2023, 23:59",16 days
407,DOKU CEBAN PULSA ,DOKUCEBAN6,343,500,"June 25, 2018, 00:00","July 10, 2018, 23:59",15 days
939,CEBAN,CEBANGOCSEP09,0,750,"September 25, 2024, 00:00","October 10, 2024, 23:59",15 days
668,NONTONBARENGDOKU,NONTONBARENGANISA,1,500,"December 1, 2020, 00:00","December 16, 2020, 23:59",15 days
558,test unipin lagi ,test12345,0,50,"October 23, 2019, 00:00","October 27, 2019, 23:59",4 days
238,Indosat Pulsa 500,ISATPULSA500,1,100,"August 10, 2017, 00:00","September 30, 2017, 23:59",51 days
823,CEBAN,GOCEBAN2,749,750,"January 25, 2023, 00:00","February 10, 2023, 23:59",16 days
284,Pasar GENIT x bonusDOKU - ARENATIKET,BONUSARENA,50,50,"October 27, 2017, 00:00","December 5, 2017, 23:59",39 days
562,DOKU CEBAN,CEBANTAGIHAN11,489,500,"November 25, 2019, 00:00","December 10, 2019, 23:59",15 days
931,CEBAN,CEBANGOC008,0,750,"August 25, 2024, 00:00","September 10, 2024, 23:59",16 days
384,CEBAN SUSHIROLL,SUSHIROLLCEBAN,0,100,"April 30, 2018, 00:00","May 10, 2018, 23:59",10 days
147,testisat25k,blacky,0,3,"September 20, 2016, 00:00","September 21, 2016, 23:59",1 days
9,VoucherTest,VoucherTest,1,2,"December 28, 2015, 00:00","December 28, 2015, 23:59",0 days
567,CEBAN DESEMBER,CEBANPULSA12,494,500,"December 25, 2019, 00:00","January 10, 2020, 23:59",16 days
97,SUKA INDOVISION,SUKAINDOVISION,21,"1,000","May 27, 2016, 00:00","June 27, 2016, 23:59",31 days
170,TEST AXIS,TESTAXI1,0,2,"November 3, 2016, 00:00","November 4, 2016, 23:59",1 days
445,CEBAN OKTOBER ,TAGIHANCEBAN10,133,250,"October 25, 2018, 00:00","November 10, 2018, 23:59",16 days
701,CEBAN,CEBANMUSICMEI,4,250,"May 25, 2021, 00:00","June 10, 2021, 23:59",16 days
930,CEBAN,CEBANBILLER008,"1,499","1,500","August 25, 2024, 00:00","September 10, 2024, 23:59",16 days
350,DOKU DANAMON TEST ,DOKUDWALLETEST,0,3,"March 5, 2018, 00:00","March 5, 2018, 23:59",0 days
719,CEBAN,TAGIHANYACEBAN1,747,750,"August 25, 2021, 00:00","September 10, 2021, 23:59",16 days
144,Test Indosat 10% 50K,TESTISAT50,0,1,"September 13, 2016, 00:00","September 30, 2016, 23:59",17 days
763,TEST CAMPAIGN 1234 ,TEST CAMPAIGN 1234,0,20,"January 24, 2022, 00:00","January 25, 2022, 23:59",1 days
347,BILLERS CEBAN FEBUARY,TAGIHANCEBAN,14,500,"February 25, 2018, 00:00","March 5, 2018, 23:59",8 days
842,BAROKAH RAMADAN,RAMADANKLOOK,0,100,"March 22, 2023, 00:00","April 10, 2023, 23:59",19 days
294,Jakcloth Pulsa & Data,JAKCLOTHBILLERS,4,300,"December 6, 2017, 00:00","December 31, 2017, 23:59",25 days
253,Bonus Entertainment,BONUSENTERTAIN,0,750,"August 15, 2017, 00:00","September 30, 2017, 23:59",46 days
489,NONTON SERU BARENG DOKU ,DOKUENDGAME,374,"1,000","April 22, 2019, 00:00","May 10, 2019, 23:59",18 days
796,CEBAN,CEBANBILLER08,741,750,"August 25, 2022, 00:00","September 10, 2022, 23:59",16 days
769,CEBAN,CEBANNYAPRIL2022,0,"1,500","March 25, 2022, 00:00","April 10, 2022, 23:59",16 days
326,DOKU GrabPay CEBAN,GRABPAYCEBAN,8,"1,000","January 25, 2018, 00:00","February 5, 2018, 23:59",11 days
526,NOBARENGDOKU,DOKUBTSINDO1,14,500,"July 3, 2019, 00:00","July 5, 2019, 23:59",2 days
405,test grab pay ,GRABDOKU,2,2,"June 6, 2018, 00:00","June 7, 2018, 23:59",1 days
462,CEBAN DESEMBER,MUSICEBAN12,52,250,"December 25, 2018, 00:00","January 10, 2019, 23:59",16 days
487,Thank DOKU its Friday,TDIFGIFT,0,50,"April 19, 2019, 00:00","April 21, 2019, 23:59",2 days
161,test XL 2,TestXL2,0,4,"November 2, 2016, 00:00","November 3, 2016, 23:59",1 days
390,test deezer diorama ,testdeezer,0,100,"May 2, 2018, 00:00","May 5, 2018, 23:59",3 days
356,DOKU PEDAS FITNESIA ,PEDASFIT,0,300,"March 30, 2018, 00:00","May 1, 2018, 23:59",32 days
935,CEBAN,CEBANBILLERSEP9,"1,500","1,500","September 25, 2024, 00:00","October 10, 2024, 23:59",15 days
810,CEBAN,CEBANGAMEOCT,"1,491","1,500","October 25, 2022, 00:00","November 10, 2022, 23:59",16 days
312,Harbolnas DOKU 100K,DOKUBOLNAS100K,0,500,"December 12, 2017, 00:00","December 31, 2017, 23:59",19 days
712,CEBAN,BILLERSNYACEBAN,15,500,"August 25, 2021, 00:00","September 10, 2021, 23:59",16 days
726,DOKUISOMEN,K24DOKU,0,200,"September 25, 2021, 00:00","October 25, 2021, 23:59",30 days
587,CEBAN,CEBANMOVIE1,44,250,"January 25, 2020, 00:00","February 10, 2020, 23:59",16 days
649,CEBAN JULY ,CEBANPULSA008,231,500,"July 25, 2020, 00:00","August 10, 2020, 23:59",16 days
899,CEBAN,CEBANGOCTAHUNBARU,726,750,"December 25, 2023, 00:00","January 10, 2024, 23:59",16 days
41,LONDONFEB,LONDON,2,25,"February 6, 2016, 00:00","February 10, 2016, 23:59",4 days
633,CEBAN APRIL ,CEBANTAGIHANAPRIL,498,500,"April 25, 2020, 00:00","May 10, 2020, 23:59",15 days
773,CEBAN,CEBANMUSICAPRIL22,3,500,"March 25, 2022, 00:00","April 10, 2022, 23:59",16 days
625,test hypermart,testhypermart,0,"1,000","April 15, 2020, 00:00","April 18, 2020, 23:59",3 days
174,CODA Valentine,DOKUCODA45,3,500,"February 10, 2017, 00:00","February 19, 2017, 23:59",9 days
856,CEBAN,CEBANJULIGOC7,743,750,"June 25, 2023, 00:00","July 10, 2023, 23:59",15 days
335,Tes Oriflame PEDAS,TESTORIFLAMECODE,0,20,"February 1, 2018, 00:00","February 28, 2018, 23:59",27 days
81,test marcell,TM100,0,120,"May 16, 2016, 00:00","May 17, 2016, 23:59",1 days
906,BERKAHRAMADAN,BNETFITDOKU10,0,200,"March 20, 2024, 00:00","April 30, 2024, 23:59",41 days
816,CEBAN,TAGIHAN12,"1,491","1,500","December 25, 2022, 00:00","January 10, 2023, 23:59",16 days
541,DOKU CEBAN,CEBANMUSIC9,19,250,"September 25, 2019, 00:00","October 10, 2019, 23:59",15 days
17,QCVoucherRegDate,QCVoucherRegDate,1,2,"December 31, 2015, 00:00","January 9, 2016, 23:59",9 days
165,TESTXL6,TESTXL6,0,2,"November 2, 2016, 00:00","November 3, 2016, 23:59",1 days
530,DOKU CEBAN ,CEBANPULSA7,466,500,"July 25, 2019, 00:00","August 10, 2019, 23:59",16 days
93,SUKA RAJAKARCIS,SUKARAJAKARCIS,0,100,"May 24, 2016, 00:00","June 5, 2016, 23:59",12 days
839,BAROKAH RAMADAN,RAMADANAIRASIARIDE,0,200,"March 22, 2023, 00:00","April 30, 2023, 23:59",39 days
616,HAPPYDIRUMAH,UNIPINHAPPY,7,"1,000","March 27, 2020, 00:00","April 13, 2020, 23:59",17 days
689,test lagi,testmarketing ,0,100,"March 24, 2021, 00:00","March 25, 2021, 23:59",1 days
673,CEBAN,CEBANTAGIHANDECEMBER,473,500,"December 25, 2020, 00:00","January 10, 2021, 23:59",16 days
98,SUKA RAJAKARCIS EXTEND,SUKARAJAKARCIS1,2,100,"June 6, 2016, 00:00","July 31, 2016, 23:59",55 days
110,CODA LONG CRAFT,DOKUUJOY,1,"1,000","August 12, 2016, 00:00","December 31, 2016, 23:59",141 days
206,GENITF&B,GENITF&B,7,500,"May 8, 2017, 00:00","June 30, 2017, 23:59",53 days
373,SUSHIROLL CEBAN APRIL,SUSHIROLLCEBAN4,0,100,"April 25, 2018, 00:00","May 5, 2018, 23:59",10 days
404,SPOTIFY CEBAN MEI ,SPOTIFYCEBAN5,53,100,"May 25, 2018, 00:00","June 5, 2018, 23:59",11 days
213,Lazada Pulsa 40K,LZDPULSA40,50,50,"June 21, 2017, 00:00","September 30, 2017, 23:59",101 days
2,Promo Test,,0,3,"December 21, 2015, 00:00","December 21, 2015, 23:59",0 days
826,CEBAN,CEBANGAMESFEB2,"1,500","1,500","January 25, 2023, 00:00","February 10, 2023, 23:59",16 days
891,CEBAN,DECEMBERJEMPOLANCODA,657,750,"November 25, 2023, 00:00","December 10, 2023, 23:59",15 days
71,Donbosco,DBPI,0,100,"March 28, 2016, 00:00","April 10, 2016, 23:59",13 days
48,TEST ENAL2,KENKO11,1,12,"February 16, 2016, 00:00","February 19, 2016, 23:59",3 days
388,test diorama oktagon,OKTAGONTEST,0,100,"May 2, 2018, 00:00","May 5, 2018, 23:59",3 days
338,Spotify MUSIKAMU,MUSIKAMU,0,"1,000","February 1, 2018, 00:00","March 31, 2018, 23:59",58 days
716,testingcebangoc,goctest,0,10,"August 25, 2021, 00:00","September 10, 2021, 23:59",16 days
381,SUSHIROLLCEBANAN,SUSHIROLLCEBANAN,0,5,"April 26, 2018, 00:00","April 27, 2018, 23:59",1 days
19,PromoCodeRegister2,PromoCodeRegister2,1,3,"December 31, 2015, 00:00","January 9, 2015, 23:59",-355 days
619,testalfacart2,alfa1,0,100,"April 2, 2020, 00:00","April 4, 2020, 23:59",2 days
194,SMARKDOKU,SMARKDOKUPEDAS,0,350,"April 1, 2017, 00:00","May 31, 2017, 23:59",60 days
420,DOKU HEMAT BANGET  ,DOKUHEMAT10BGT ,71,400,"September 1, 2018, 00:00","December 31, 2018, 23:59",121 days
334,Bosbis Promo,DOKUBOSBIS,0,"1,500","February 1, 2018, 00:00","March 31, 2018, 23:59",58 days
755,LORDOKU,ANAKLAMA,5,500,"December 27, 2021, 00:00","January 10, 2022, 23:59",14 days
467,DOKU CEBAN,TAGIHANCEBAN1,500,500,"January 25, 2019, 00:00","February 10, 2019, 23:59",16 days
920,CEBAN,CEBANGOC77,458,750,"July 25, 2024, 00:00","August 10, 2024, 23:59",16 days
465,DOKU SPECIAL,DOKU50,0,40,"January 15, 2019, 00:00","January 21, 2019, 23:59",6 days
375,GENFLIX CEBAN APRIL,CEBANGENFLIX,2,100,"April 25, 2018, 00:00","May 5, 2018, 23:59",10 days
768,TESBRI,TESBRIJINAH,0,10,"March 10, 2022, 00:00","March 12, 2022, 23:59",2 days
849,CEBAN,CEBANGOCMEI,750,750,"April 25, 2023, 00:00","May 10, 2023, 23:59",15 days
630,CEBAN APRIL ,PULSACEBAN04,220,500,"April 25, 2020, 00:00","May 10, 2020, 23:59",15 days
439,CEBAN SEPTEMBER,MOVIECEBAN,1,200,"September 25, 2018, 00:00","October 10, 2018, 23:59",15 days
466,DOKU  CEBAN,PULSACEBAN1,488,500,"January 25, 2019, 00:00","February 10, 2019, 23:59",16 days
292,Pasar GENIT x bonusDOKU - Spotify,BONUSSPOTIFY,1,200,"October 27, 2017, 00:00","December 5, 2017, 23:59",39 days
167,TEST XL 8,TESTXL8,0,1,"November 3, 2016, 00:00","November 4, 2016, 23:59",1 days
68,test red,TR10,1,1,"March 17, 2016, 00:00","March 18, 2016, 23:59",1 days
478,DOKU CEBAN,CEBANMOVIE2,30,500,"February 25, 2019, 00:00","March 10, 2019, 23:59",13 days
608,HAPPYDIRUMAH,HappyK24,0,500,"March 27, 2020, 00:00","April 20, 2020, 23:59",24 days
748,LORDOKU,UNIPINLORDOKU,0,500,"December 27, 2021, 00:00","January 10, 2022, 23:59",14 days
100,SUKA ERAFONE EXTEND,SUKADOKU1,30,30,"June 6, 2016, 00:00","June 30, 2016, 23:59",24 days
736,CEBAN,CEBANGAMESOCT,15,"1,000","October 25, 2021, 00:00","November 10, 2021, 23:59",16 days
762,SILIHAICEBAN,SILIHAICEBAN,"1,482","1,500","January 25, 2022, 00:00","February 10, 2022, 23:59",16 days
924,DOKU SOBAT PEJUANG,BITTIMEPEJUANG,100,100,"August 17, 2024, 00:00","September 17, 2024, 23:59",31 days
745,CEBAN,CEBANTAGIHANLIBURAN,749,750,"December 25, 2021, 00:00","January 10, 2022, 23:59",16 days
852,CEBAN ,CEBANGAMEJUNI,"1,500","1,500","May 25, 2023, 00:00","June 10, 2023, 23:59",16 days
864,TDIF,TDIFCODA,2,500,"August 11, 2023, 00:00","August 20, 2023, 23:59",9 days
444,CEBAN OKTOBER ,PULSACEBAN10,0,500,"October 25, 2018, 00:00","November 10, 2018, 23:59",16 days
37,WACOAL BREMI,BREMIWC,1,10,"February 5, 2016, 00:00","February 6, 2016, 23:59",1 days
499,DOKU CEBAN,CEBANTAGIHAN04,473,500,"April 29, 2019, 00:00","May 10, 2019, 23:59",11 days
703,CEBAN,CEBANTAGIHANJUNI,747,750,"June 25, 2021, 00:00","July 10, 2021, 23:59",15 days
88,testEB,EPOY123,1,2,"May 20, 2016, 00:00","May 21, 2016, 23:59",1 days
446,CEBAN OKTOBER ,CEBANPULSA10,496,500,"October 25, 2018, 00:00","November 10, 2018, 23:59",16 days
646,CEBAN,PULSACEBAN007,285,500,"June 25, 2020, 00:00","July 10, 2020, 23:59",15 days
324,DOKU PulsaData CEBAN,PULSACEBAN,"1,440","1,500","January 25, 2018, 00:00","February 5, 2018, 23:59",11 days
99,SUKA EZBUY EXTEND,SUKAEZBUY1,1,300,"June 6, 2016, 00:00","July 31, 2016, 23:59",55 days
477,DOKU CEBAN ,MOVIECEBAN2 ,0,500,"February 25, 2019, 00:00","March 10, 2019, 23:59",13 days
565,DOKU JALAN JALAN,DOKUJALANJALAN,6,500,"December 10, 2019, 00:00","December 31, 2019, 23:59",21 days
737,ISOMEN,BETHSAIDADOKU,0,250,"November 15, 2021, 00:00","December 15, 2021, 23:59",30 days
460,CEBAN DESEMBER ,TAGIHANCEBAN12,279,500,"December 25, 2018, 00:00","January 10, 2019, 23:59",16 days
898,CEBAN,CEBANUNIPINTAHUNBARU,695,750,"December 25, 2023, 00:00","January 10, 2024, 23:59",16 days
92,SUKA MNC,SUKAMUDIK,1,500,"May 24, 2016, 00:00","June 30, 2016, 23:59",37 days
727,ISOMEN,ISOMENDOKU,2,200,"September 25, 2021, 00:00","October 25, 2021, 23:59",30 days
349,Danamon Promosi test ,DWALLETEST ,0,1,"March 1, 2018, 00:00","March 1, 2018, 23:59",0 days
594,CEBAN,CEBANMOVIE02,22,250,"February 25, 2020, 00:00","March 10, 2020, 23:59",14 days
840,BAROKAH RAMADAN,RAMADANAIRASIAFOOD,0,300,"March 22, 2023, 00:00","April 30, 2023, 23:59",39 days
56,test XL 2,WIDI25,0,5,"March 14, 2016, 00:00","March 15, 2016, 23:59",1 days
158,EZY TOP UP 04,EZYTOPUP600,2,100,"October 17, 2016, 00:00","November 17, 2016, 23:59",31 days
543,DREAM,DREAMKLOOK100,9,150,"September 23, 2019, 00:00","October 23, 2019, 23:59",30 days
105,SUKA EZYTRAVEL 2,SUKAEZY2,20,20,"June 10, 2016, 00:00","June 30, 2016, 23:59",20 days
246,Bonus Retail,BONUSRETAIL,862,"1,500","August 15, 2017, 00:00","September 4, 2017, 23:59",20 days
216,Lazada Pulsa150K,LZDPULSA150,3,250,"June 21, 2017, 00:00","September 30, 2017, 23:59",101 days
596,PAKE DOKU DI LAWSON,DOKULAWSON20,8,350,"March 16, 2020, 00:00","April 30, 2020, 23:59",45 days
603,HAPPYDIRUMAH,HappyPulsa,279,"1,000","March 27, 2020, 00:00","April 20, 2020, 23:59",24 days
627,CEBAN APRIL,CEBANMUSIC04,9,500,"April 25, 2020, 00:00","May 10, 2020, 23:59",15 days
299,Jakcloth Minimal,JAKCLOTHMINIMAL,0,100,"December 6, 2017, 00:00","December 31, 2017, 23:59",25 days
393,test unipin,testuni,5,100,"May 2, 2018, 00:00","May 5, 2018, 23:59",3 days
399,DIORAMA MOX,MOXDIORAMA,0,500,"May 7, 2018, 00:00","June 19, 2018, 23:59",43 days
500,Thank DOKU Its Friday ,TDIFDATA,0,500,"May 10, 2019, 00:00","May 12, 2019, 23:59",2 days
759,CEBANFEBUARY,LIHAINYACEBAN,0,"1,500","January 25, 2022, 00:00","February 10, 2022, 23:59",16 days
236,Indosat 150K,ISATPULSA150,11,100,"August 10, 2017, 00:00","September 30, 2017, 23:59",51 days
412,PULSA CEBAN JULY,PULSACEBAN7,247,500,"July 25, 2018, 00:00","August 10, 2018, 23:59",16 days
772,CEBAN,CEBANYAAPRIL22,"1,465","1,500","March 25, 2022, 00:00","April 10, 2022, 23:59",16 days
442,OBAT GANTENG DISKON SABLENG ,TABLETGANTENG,0,500,"October 1, 2018, 00:00","October 31, 2018, 23:59",30 days
250,Bonus Transportation,BONUSTRANSPORT,23,"1,000","August 15, 2017, 00:00","September 30, 2017, 23:59",46 days
300,Jakcloth Damn I Love Indonesia,JAKCLOTHDILI,0,100,"December 6, 2017, 00:00","December 31, 2017, 23:59",25 days
23,PROMOCODE2,PROMOCODE2,1,2,"January 5, 2016, 00:00","January 5, 2016, 23:59",0 days
766,CEBAN,MARETCEBANGAMES03,145,500,"February 25, 2022, 00:00","March 10, 2022, 23:59",13 days
328,DOKU Bikin Baper Eiffel I'm in Love,DOKUBIKINBAPER,7,100,"February 5, 2018, 00:00","February 28, 2018, 23:59",23 days
169,TESTXL10,TESTXL10,0,1,"November 3, 2016, 00:00","November 4, 2016, 23:59",1 days
534,NOBARDOKU,NOBARENGDOKU,18,250,"August 5, 2019, 00:00","August 15, 2019, 23:59",10 days
171,Test AXIS 2,TAXIS2,0,1,"November 3, 2016, 00:00","November 4, 2016, 23:59",1 days
254,BONUS 1DEKA Entertainment,1DEKAENTERTAIN,0,750,"September 25, 2017, 00:00","November 30, 2017, 23:59",66 days
447,CEBAN OKTOBER ,CEBANMOVIE10,1,200,"October 25, 2018, 00:00","November 10, 2018, 23:59",16 days
756,LORDOKU,ANAKBARU,20,500,"December 27, 2021, 00:00","January 10, 2022, 23:59",14 days
337,Lazada Shopping Seru,SHOPPINGSERU,0,"1,000","February 1, 2018, 00:00","March 31, 2018, 23:59",58 days
385,CEBAN GENFLIX ,GENFLIXCEBAN ,0,100,"April 30, 2018, 00:00","May 10, 2018, 23:59",10 days
938,CEBAN,CEBANCODASEP09,"1,489","1,500","September 25, 2024, 00:00","October 10, 2024, 23:59",15 days
430,OBAT GANTENG DISKON SABLENG ,JAMUGANTENGLAGI,"1,198","2,000","September 12, 2018, 00:00","October 31, 2018, 23:59",49 days
429,DOKU HEMAT BANGET ,DOKUHEMAT10AJA,8,400,"September 1, 2018, 00:00","December 31, 2018, 23:59",121 days
708,CEBANJULI,PULSABULANJULI,18,750,"July 25, 2021, 00:00","August 10, 2021, 23:59",16 days
709,CEBAN,TAGIHANBULANJULI,745,750,"July 25, 2021, 00:00","August 10, 2021, 23:59",16 days
783,APEX,APEXDOKUNIPIN,111,500,"June 14, 2022, 00:00","June 19, 2022, 23:59",5 days
453,CEBAN NOVEMBER ,PULSACEBAN11,298,500,"November 25, 2018, 00:00","December 10, 2018, 23:59",15 days
851,CEBAN,CEBANTAGIHANJUNI66,"1,473","1,500","May 25, 2023, 00:00","June 10, 2023, 23:59",16 days
571,DOKUJALANJALAN,DOKUKLOOK,5,500,"January 1, 2020, 00:00","January 31, 2020, 23:59",30 days
861,TDIF,TDIFUNIPIN23,48,500,"August 11, 2023, 00:00","August 20, 2023, 23:59",9 days
200,GENIT Promo Transport,GENITTRAVEL,21,250,"May 1, 2017, 00:00","July 16, 2017, 23:59",76 days
723,CEBAN,CEBANTAGIHAN99,747,750,"September 25, 2021, 00:00","October 10, 2021, 23:59",15 days
475,DOKU CEBAN ,CEBANTAGIHAN2,265,500,"February 25, 2019, 00:00","March 10, 2019, 23:59",13 days
15,voucheer,voucheer,1,2,"December 30, 2015, 00:00","December 30, 2015, 23:59",0 days
486,Thank DOKU its Friday,TDIFASMARA,0,50,"April 19, 2019, 00:00","April 21, 2019, 23:59",2 days
524,NOBARENGDOKU,DOKUARMYBASEINA,22,500,"July 3, 2019, 00:00","July 5, 2019, 23:59",2 days
752,LORDOKU,UNIPINLORDOKU1,0,500,"December 27, 2021, 00:00","January 10, 2022, 23:59",14 days
806,CEBAN,MABARENGOC,750,750,"September 26, 2022, 00:00","October 10, 2022, 23:59",14 days
101,SUKA EZY EXTEND,SUKAEZY1,77,77,"June 6, 2016, 00:00","June 30, 2016, 23:59",24 days
895,JEMPOLAN,DOKUJEMPOLANAA,0,250,"December 20, 2023, 00:00","January 31, 2024, 23:59",42 days
214,Lazada Pulsa 50K,LZDPULSA50,250,250,"June 21, 2017, 00:00","September 30, 2017, 23:59",101 days
321,Harbolnas DOKU 100,DOKUbolnas100,33,500,"December 12, 2017, 00:00","December 31, 2017, 23:59",19 days
102,PROMO CODA,DOKUCODA,3,500,"June 9, 2016, 00:00","August 31, 2016, 23:59",83 days
544,DREAM,DREAMKLOOK200,35,150,"September 23, 2019, 00:00","October 23, 2019, 23:59",30 days
640,CEBAN ,CEBANPULSA07,214,500,"May 25, 2020, 00:00","June 10, 2020, 23:59",16 days
835,CEBAN,CEBANTAGIHANAPRIL4,"1,489","1,500","March 25, 2023, 00:00","April 10, 2023, 23:59",16 days
870,CEBAN,CEBANCODASEP9,739,750,"August 25, 2023, 00:00","September 10, 2023, 23:59",16 days
715,CEBAN,CEBANYAMUSIC,5,250,"August 25, 2021, 00:00","September 10, 2021, 23:59",16 days
275,Pasar GENIT x bonusDOKU - Ria Miranda,BONUSRIAMIRANDA,0,100,"October 27, 2017, 00:00","December 5, 2017, 23:59",39 days
574,test airasia,testAA1,0,10,"January 17, 2020, 00:00","January 18, 2020, 23:59",1 days
807,MLBBDOKU,MLBBDOKU11,17,"1,000","October 11, 2022, 00:00","October 19, 2022, 23:59",8 days
604,HAPPYDIRUMAH,HappyPaketData,6,"1,000","March 27, 2020, 00:00","April 20, 2020, 23:59",24 days
859,CEBAN,CEBANGOCAUG8,734,750,"July 26, 2023, 00:00","August 10, 2023, 23:59",15 days
11,QCVOUCHER2,QCVOUCHER2,2,3,"December 29, 2015, 00:00","December 31, 2015, 23:59",2 days
36,POPAZOP Bremi,BREMI,1,20,"February 5, 2016, 00:00","February 6, 2016, 23:59",1 days
776,CEBAN,CahyaDiCeban,"1,484","1,500","April 25, 2022, 00:00","May 10, 2022, 23:59",15 days
25,PROMOOCODE4,PROMOOCODE4,1,2,"January 5, 2016, 00:00","January 5, 2016, 23:59",0 days
419,CEBAN KEMBALI LAGI,PULSACEBAN8,460,500,"August 25, 2018, 00:00","September 10, 2018, 23:59",16 days
586,CEBAN,CEBANMUSIC1,17,250,"January 25, 2020, 00:00","February 10, 2020, 23:59",16 days
14,vouchertes1,vouchertes1,1,2,"December 30, 2015, 00:00","December 30, 2015, 23:59",0 days
656,DOKUCEBAN,TAGIHANCEBAN09,498,500,"August 25, 2020, 00:00","September 10, 2020, 23:59",16 days
791,PROKLAMASI,AIRASIAPROKLAMASI,0,250,"August 17, 2022, 00:00","August 31, 2022, 23:59",14 days
593,CEBAN,CEBANMUSIC02,16,250,"February 25, 2020, 00:00","March 10, 2020, 23:59",14 days
794,MLBB DOKU,DOKUNIPINMLBB,184,500,"August 20, 2022, 00:00","August 27, 2022, 23:59",7 days
183,DOKUCODA Valentines,CODADOKU60,0,500,"February 20, 2017, 00:00","March 1, 2017, 23:59",9 days
46,TEST ALFA,BREMI3,2,10,"February 15, 2016, 00:00","February 19, 2016, 23:59",4 days
223,PDP Juli - GRAB,GRABJULI,42,"1,000","July 24, 2017, 00:00","August 31, 2017, 23:59",38 days
572,DOKUGAMES,DOKULIFEAFTER,3,"1,000","January 6, 2020, 00:00","February 29, 2020, 23:59",54 days
926,SOBAT PEJUANG DOKU,BBWPEJUANG,3,100,"August 17, 2024, 00:00","September 17, 2024, 23:59",31 days
770,CEBAN,CEBANAPRILGAMES2022,179,750,"March 25, 2022, 00:00","April 10, 2022, 23:59",16 days
13,Promoo1,Promoo1,1,2,"December 30, 2015, 00:00","December 30, 2015, 23:59",0 days
333,DOKU Spotify Ceban,SPOTIFYCEBANJAN,1,500,"February 8, 2018, 00:00","February 24, 2018, 23:59",16 days
600,CEBAN,CEBANTAGIHAN03,497,500,"March 25, 2020, 00:00","April 10, 2020, 23:59",16 days
270,Pasar GENIT x bonusDOKU - JOOX,BONUSJOOX,0,200,"October 27, 2017, 00:00","December 5, 2017, 23:59",39 days
64,Test XL,DK200,1,2,"March 15, 2016, 00:00","March 16, 2016, 23:59",1 days
775,MARHABANDOKU,CahyaDiRailink,8,100,"April 18, 2022, 00:00","May 18, 2022, 23:59",30 days
456,DOKU X TELKOMSEL,DOKUTELKOMSEL,52,"1,000","November 25, 2018, 00:00","December 10, 2018, 23:59",15 days
615,HAPPYDIRUMAH,HAPPYDIRUMAHCAKDAN,1,50,"March 27, 2020, 00:00","April 13, 2020, 23:59",17 days
635,testhypermart1,testhypermart11,0,100,"April 28, 2020, 00:00","April 30, 2020, 23:59",2 days
49,ENSOGO DOKU,DOKUGO,391,"1,000","February 17, 2016, 00:00","August 17, 2016, 23:59",182 days
106,DOKU MOX,DOKUMOX,3,"5,000","June 13, 2016, 00:00","July 31, 2016, 23:59",48 days
173,DOKUBOLNASALFA,DOKUBOLNASALFA,100,100,"December 12, 2016, 00:00","December 14, 2016, 23:59",2 days
468,DOKU CEBAN ,MUSICEBAN1,43,500,"January 25, 2019, 00:00","February 10, 2019, 23:59",16 days
580,ANGPAO DOKU 2020 ,ANGPAOGAMERS,0,"1,000","January 24, 2020, 00:00","March 10, 2020, 23:59",46 days
42,DOKU ANGPAO,DOANG,500,500,"February 9, 2016, 00:00","February 29, 2016, 23:59",20 days
735,CEBAN,CEBANMUSICOCT,5,250,"October 25, 2021, 00:00","November 10, 2021, 23:59",16 days
401,DOKU NOBAR ,NOBARDOKU,29,"1,000","May 15, 2018, 00:00","May 31, 2018, 23:59",16 days
406,DOKU CEBAN TAGIHAN ,TAGIHANCEBAN6,191,250,"June 25, 2018, 00:00","July 10, 2018, 23:59",15 days
820,KAMSIADOKU,TSICNY,0,200,"January 20, 2023, 00:00","February 20, 2023, 23:59",31 days
514,Thank DOKU its Friday,TDIFMOVIE4,37,500,"June 21, 2019, 00:00","June 23, 2019, 23:59",2 days
537,GOBAN,GOBANSERU,0,100,"August 26, 2019, 00:00","August 31, 2019, 23:59",5 days
196,Air Asia NgetripHoki,AANGETRIPHOKI100,26,475,"March 27, 2017, 00:00","April 30, 2017, 23:59",34 days
529,DOKU CEBAN ,CEBANTAGIHAN7,135,500,"July 25, 2019, 00:00","August 10, 2019, 23:59",16 days
778,CEBAN,CahyaDiGame,488,500,"April 25, 2022, 00:00","May 10, 2022, 23:59",15 days
34,Voucherr,Voucherr,1,2,"January 11, 2016, 00:00","January 15, 2016, 23:59",4 days
894,JEMPOLAN,DOKUJEMPOLANUNIPIN,250,250,"December 20, 2023, 00:00","January 31, 2024, 23:59",42 days
266,Indosat Pulsa,ISATPLS150,2,100,"October 23, 2017, 00:00","December 31, 2017, 23:59",69 days
343,TESTGTUNES 1,TESTGTUNES,0,20,"February 25, 2018, 00:00","February 28, 2018, 23:59",3 days
280,Pasar GENIT x bonusDOKU - Citilink,BONUSCITILINK,0,50,"October 27, 2017, 00:00","December 5, 2017, 23:59",39 days
224,PDPJuli - KAI,KAIJULI,1,100,"July 24, 2017, 00:00","August 31, 2017, 23:59",38 days
260,testing 3,testing3,0,20,"October 1, 2017, 00:00","October 31, 2017, 23:59",30 days
674,CEBAN,CEBANMUSICDECEMBER,5,250,"December 25, 2020, 00:00","January 10, 2021, 23:59",16 days
685,DOKU CEBAN,MUSICNYACEBAN,4,250,"March 25, 2021, 00:00","April 10, 2021, 23:59",16 days
302,Jakcloth Book My Show,JAKCLOTHBMS,0,100,"December 6, 2017, 00:00","December 31, 2017, 23:59",25 days
918,CEBAN,CEBANTAGIHAN77,"1,499","1,500","July 25, 2024, 00:00","August 10, 2024, 23:59",16 days
932,CEBAN,CEBANUNIPIN008,725,750,"August 25, 2024, 00:00","September 10, 2024, 23:59",16 days
172,DOKUBOLNAS,DOKUBOLNAS,15,"1,400","December 12, 2016, 00:00","December 14, 2016, 23:59",2 days
418,CEBAN KEMBALI LAGI ,TAGIHANCEBAN8,248,250,"August 25, 2018, 00:00","September 10, 2018, 23:59",16 days
220,PDPJuli - Spotify,SPOTIFYJULI,10,200,"July 24, 2017, 00:00","August 31, 2017, 23:59",38 days
598,CEBAN,PULSACEBAN3,479,500,"March 25, 2020, 00:00","April 10, 2020, 23:59",16 days
290,Pasar GENIT x bonusDOKU - Minimal,BONUSMINIMAL,0,250,"October 27, 2017, 00:00","December 5, 2017, 23:59",39 days
492,DOKU CEBAN,MUSICEBAN4,0,250,"April 25, 2019, 00:00","May 10, 2019, 23:59",15 days
793,PROKLAMASI,TSIPROKLAMASI,0,250,"August 17, 2022, 00:00","August 31, 2022, 23:59",14 days
687,DOKU CEBAN,PULSANYACEBAN,285,750,"March 25, 2021, 00:00","April 10, 2021, 23:59",16 days
788,CEBAN,CEBANTAGIHAN8,727,750,"July 25, 2022, 00:00","August 10, 2022, 23:59",16 days
398,DIORAMA KFC,KFCDIORAMA ,0,"1,250","May 7, 2018, 00:00","June 19, 2018, 23:59",43 days
480,DOKU CEBAN,CEBANPULSA3,234,500,"March 25, 2019, 00:00","April 10, 2019, 23:59",16 days
908,TestingBnetfit,TestBnet27,0,20,"March 27, 2024, 00:00","March 28, 2024, 23:59",1 days
569,CEBAN DESEMBER,CEBANMUSIC12,18,250,"December 25, 2019, 00:00","January 10, 2020, 23:59",16 days
249,Bonus Digital Content,BONUSDIGI,6,"1,000","August 15, 2017, 00:00","September 30, 2017, 23:59",46 days
279,Pasar GENIT x bonusDOKU - OrangeTV,BONUSORANGETV,0,100,"October 27, 2017, 00:00","December 5, 2017, 23:59",39 days
316,Harbolnas DOKU 50K,DOKUBOLNAS50,13,750,"December 12, 2017, 00:00","December 31, 2017, 23:59",19 days
919,CEBAN,CEBANUNIPIN77,706,750,"July 25, 2024, 00:00","August 10, 2024, 23:59",16 days
414,DOKU HEMAT ,DOKUHEMAT30,2,100,"July 1, 2018, 00:00","August 31, 2018, 23:59",61 days
832,CEBAN,CEBANTAGIHANTIGA,"1,488","1,500","February 25, 2023, 00:00","March 10, 2023, 23:59",13 days
585,CEBAN,CEBANTAGIHAN1,81,500,"January 25, 2020, 00:00","January 10, 2020, 23:59",-14 days
699,CEBAN,CEBANTAGIHANMEI,748,750,"May 25, 2021, 00:00","June 10, 2021, 23:59",16 days
325,DOKU Billers CEBAN,BILLERCEBAN,10,"1,000","January 25, 2018, 00:00","February 5, 2018, 23:59",11 days
391,KFC test promo,KFCTEST,0,100,"May 2, 2018, 00:00","May 5, 2018, 23:59",3 days
623,TESTALFAC,TESTALFAC,0,5,"April 2, 2020, 00:00","April 4, 2020, 23:59",2 days
638,MARHABAN DOKU ,MARHABANSEHAT,0,250,"May 18, 2020, 00:00","June 18, 2020, 23:59",31 days
511,DOKU CEBAN,CEBANTAGIHAN5,100,500,"May 25, 2019, 00:00","June 10, 2019, 23:59",16 days
61,TEST SIMPATI,AKBAR25,0,8,"March 14, 2016, 00:00","March 15, 2016, 23:59",1 days
751,LORDOKU,UNIPINLORDOKUANAKBARU,0,500,"December 27, 2021, 00:00","January 10, 2022, 23:59",14 days
813,CEBAN,CEBANGAMESNOV,"1,492","1,500","November 25, 2022, 00:00","December 10, 2022, 23:59",15 days
724,CEBAN,CEBANMUSIC99,3,250,"September 25, 2021, 00:00","October 10, 2021, 23:59",15 days
258,test bagimu,testvoucher,20,20,"October 1, 2017, 00:00","October 31, 2017, 23:59",30 days
269,Indosat Pulsa 1000,ISATPLS1JUTA,2,100,"October 23, 2017, 00:00","December 31, 2017, 23:59",69 days
366,DOKU PEDAS NINE to NINE,PEDASNINE,1,100,"March 30, 2018, 00:00","May 1, 2018, 23:59",32 days
454,CEBAN NOVEMBER,MUSICEBAN11,71,300,"November 25, 2018, 00:00","December 10, 2018, 23:59",15 days
706,CEBAN,CEBANCODAJUNI,68,500,"June 25, 2021, 00:00","July 10, 2021, 23:59",15 days
94,SUKA JKT 48,SUKAJKT48,0,200,"May 24, 2016, 00:00","June 5, 2016, 23:59",12 days
860,CEBAN,CEBANGAMEAUG8,"1,181","1,500","July 25, 2023, 00:00","August 10, 2023, 23:59",16 days
876,CEBAN,CEBANUNIPINOCT10,654,750,"September 25, 2023, 00:00","October 10, 2023, 23:59",15 days
1,Test production 1,TESTPROD1,0,100,"December 15, 2015, 00:00","December 18, 2015, 23:59",3 days
542,DREAM,DREAMKLOOK50,3,500,"September 23, 2019, 00:00","October 23, 2019, 23:59",30 days
339,test sinta ,DOKUSINTA,0,2,"February 23, 2018, 00:00","February 24, 2018, 23:59",1 days
198,Salam Al Azhar Milad Grab,SALAMGRAB,16,"1,000","April 6, 2017, 00:00","May 31, 2017, 23:59",55 days
881,TDIF,TDIFUNIPIN10,18,"1,500","September 22, 2023, 00:00","October 10, 2023, 23:59",18 days
417,CEBAN KEMBALI LAGI,SPOTIFYCEBAN8,93,100,"August 25, 2018, 00:00","September 10, 2018, 23:59",16 days
879,MLBB GATCHA,DAPETINGATCHANYA,0,500,"September 20, 2023, 00:00","September 29, 2023, 23:59",9 days
441,test railink,DOKURAILINKTEST,0,20,"September 28, 2018, 00:00","September 30, 2018, 23:59",2 days
60,Test XL 5,JO25,1,6,"March 14, 2016, 00:00","March 15, 2016, 23:59",1 days
39,BREMIWACOAL2,BWC2,2,10,"February 6, 2016, 00:00","February 7, 2016, 23:59",1 days
166,TESTXL 7,TESTXL7,0,1,"November 2, 2016, 00:00","November 3, 2016, 23:59",1 days
482,DOKU CEBAN,CEBANMUSIC3,39,250,"March 25, 2019, 00:00","April 10, 2019, 23:59",16 days
470,ANGPAODOKU,DOKUJOOX25,1,500,"February 5, 2019, 00:00","February 28, 2019, 23:59",23 days
584,CEBAN ,CEBANPULSA1,486,500,"January 25, 2020, 00:00","February 10, 2020, 23:59",16 days
862,TDIF,TDIFBITTIME23,0,100,"August 11, 2023, 00:00","August 20, 2023, 23:59",9 days
910,RAMADANBNET,RAMADANBNETFIT20,2,200,"March 27, 2024, 00:00","April 30, 2024, 23:59",34 days
182,DOKUCODA Valentine 1,CODADOKU45,0,500,"February 20, 2017, 00:00","March 1, 2017, 23:59",9 days
148,testisat25,TESTISAT25,1,2,"September 20, 2016, 00:00","September 21, 2016, 23:59",1 days
408,DOKU CEBAN SPOTIFY,SPOTIFYCEBAN6,63,100,"June 25, 2018, 00:00","July 10, 2018, 23:59",15 days
18,PromoCodeRegister,PromoCodeRegister,2,3,"December 31, 2015, 00:00","January 9, 2016, 23:59",9 days
24,PROMOCODE3,PROMOCODE3,1,2,"January 5, 2016, 00:00","January 5, 2016, 23:59",0 days
288,Pasar GENIT x bonusDOKU - REDDOORZ,BONUSREDDOORZ,0,100,"October 27, 2017, 00:00","December 5, 2017, 23:59",39 days
476,DOKU CEBAN,CEBANMUSIC2,43,250,"February 25, 2019, 00:00","March 10, 2019, 23:59",13 days
812,CEBAN ,CEBANTAGIHANNOV,"1,471","1,500","November 25, 2022, 00:00","December 10, 2022, 23:59",15 days
329,Untung pakeDOKU Lazada,LZDSERU,1,"1,000","February 1, 2018, 00:00","February 28, 2018, 23:59",27 days
483,DOKU CEBAN ,CEBANMOVIE3,33,250,"March 25, 2019, 00:00","April 10, 2019, 23:59",16 days
556,Test Unipin ,testunipin,0,10,"October 23, 2019, 00:00","October 27, 2019, 23:59",4 days
665,CEBAN,CEBANOVEMBER,112,500,"November 25, 2020, 00:00","December 10, 2020, 23:59",15 days
818,CEBAN,GOC12,748,750,"December 25, 2022, 00:00","January 10, 2023, 23:59",16 days
230,PDPJuli - Althea,ALTHEAJULI,8,100,"July 24, 2017, 00:00","August 31, 2017, 23:59",38 days
313,Harbolnas DOKU Lazada 1212,DOKULZD1212,250,250,"December 12, 2017, 00:00","December 31, 2017, 23:59",19 days
915,CEBAN,CEBANGOCJANUARI,"1,432","1,500","June 25, 2024, 00:00","July 10, 2024, 23:59",15 days
909,RAMADANBNETFIT,RAMADANBNET10,0,200,"March 27, 2024, 00:00","April 30, 2024, 23:59",34 days
346,DOKU PULSA CEBAN FEBUARY,PULSACEBANLAGI,988,"1,000","February 25, 2018, 00:00","March 5, 2018, 23:59",8 days
72,test rl,RLB20,0,30,"April 15, 2016, 00:00","April 21, 2016, 23:59",6 days
160,Test XL,TESTXL1,0,4,"November 2, 2016, 00:00","November 3, 2016, 23:59",1 days
278,Pasar GENIT x bonusDOKU - GENFLIX,BONUSGENFLIX,0,100,"October 27, 2017, 00:00","December 5, 2017, 23:59",39 days
310,Jakcloth Bolt,OBRALBOLT,3,150,"December 6, 2017, 00:00","December 31, 2017, 23:59",25 days
507,Thank DOKU its Friday,TDIFBMS2,2,100,"May 17, 2019, 00:00","May 19, 2019, 23:59",2 days
494,DOKU CEBAN,CEBANMOVIE4,171,250,"April 25, 2019, 00:00","May 10, 2019, 23:59",15 days
892,CEBAN,DECEMBERJEMPOLANGOC,727,750,"November 25, 2023, 00:00","December 10, 2023, 23:59",15 days
104,testing coda 2,testingcoda2,0,2,"June 9, 2016, 00:00","June 9, 2016, 23:59",0 days
504,DOKU MARHABAN ,DOKUMARHABAN,37,500,"May 6, 2019, 00:00","June 12, 2019, 23:59",37 days
535,GOBAN,PULSAGOBAN,231,250,"August 26, 2019, 00:00","August 31, 2019, 23:59",5 days
215,Lazada Pulsa 100K,LZDPULSA100,250,250,"June 21, 2017, 00:00","September 30, 2017, 23:59",101 days
560,DOKU CEBAN,CEBANPULSA11,479,500,"November 25, 2019, 00:00","December 10, 2019, 23:59",15 days
164,TEST XL 5,TESTXL5,0,2,"November 2, 2016, 00:00","November 3, 2016, 23:59",1 days
472,DOKU CEBAN FEBRUARY ,CEBANPULSA2,213,500,"February 25, 2019, 00:00","March 10, 2019, 23:59",13 days
702,CEBAN,CEBANUNIPINMEI,17,500,"May 25, 2021, 00:00","June 10, 2021, 23:59",16 days
863,TDIF,TDIFBITTIME,248,250,"August 11, 2023, 00:00","August 20, 2023, 23:59",9 days
397,DIORAMA DEZEER,DIORAMADEEZER,0,250,"May 7, 2018, 00:00","June 19, 2018, 23:59",43 days
550,TEST,TEST1234,0,1,"October 17, 2019, 00:00","October 18, 2019, 23:59",1 days
357,DOKU PEDAS SATVRDAYS,PEDASATV,0,300,"March 30, 2018, 00:00","May 1, 2018, 23:59",32 days
922,testgaruda24,testGA24,0,100,"July 29, 2024, 00:00","July 30, 2024, 23:59",1 days
248,Bonus Billers,BONUSBILLER,47,"1,000","August 15, 2017, 00:00","September 4, 2017, 23:59",20 days
410,AYOK GRAB DOKU,DOKUGRAB,500,500,"July 1, 2018, 00:00","August 1, 2018, 23:59",31 days
613,HAPPYDIRUMAH,SARIHAPPYDIRUMAH,1,50,"March 27, 2020, 00:00","April 13, 2020, 23:59",17 days
62,Disc 10%,IJO10,1,1,"March 14, 2016, 00:00","March 15, 2016, 23:59",1 days
403,CEBAN TAGIHAN MEI ,TAGIHANCEBAN5,116,250,"May 25, 2018, 00:00","June 5, 2018, 23:59",11 days
208,DIORAMA TEST,DIORAMATEST,0,10,"June 7, 2017, 00:00","June 30, 2017, 23:59",23 days
785,CEBAN,CEBANJUNIGAME,499,500,"June 25, 2022, 00:00","July 10, 2022, 23:59",15 days
197,PHM NgetripHoki,PHMNGETRIPHOKI100,0,500,"March 27, 2017, 00:00","April 30, 2017, 23:59",34 days
245,Bonus F&B,BONUSFNB,0,500,"August 15, 2017, 00:00","September 4, 2017, 23:59",20 days
606,HAPPYDIRUMAH,HappyCoda,29,"1,000","March 27, 2020, 00:00","April 20, 2020, 23:59",24 days
618,testalfacart1,alfacart1,0,100,"April 2, 2020, 00:00","April 4, 2020, 23:59",2 days
743,CEBAN,CEBANMUSICDEC,1,250,"November 25, 2021, 00:00","December 10, 2021, 23:59",15 days
799,PROMO DOKU,AIRASIADOKU,0,100,"September 1, 2022, 00:00","September 17, 2022, 23:59",16 days
680,CEBAN,ANGPAOCEBAN,121,"1,000","February 25, 2021, 00:00","March 10, 2021, 23:59",13 days
758,test biller,testtest1234,0,10,"January 24, 2022, 00:00","January 25, 2022, 23:59",1 days
592,CEBAN,CEBANTAGIHAN02,497,500,"February 25, 2020, 00:00","March 10, 2020, 23:59",14 days
459,DOKU TELKOMSEL,TELKOMSEL10,25,"2,000","December 11, 2018, 00:00","December 31, 2018, 23:59",20 days
782,CEBAN,CEBANGAMESMEI55,604,750,"May 25, 2022, 00:00","June 10, 2022, 23:59",16 days
927,DOKU SOBAT PEJUANG,GARUDAPEJUANG1,0,25,"August 17, 2024, 00:00","September 17, 2024, 23:59",31 days
753,LORDOKU,GOCLORDOKU,0,500,"December 27, 2021, 00:00","January 10, 2022, 23:59",14 days
89,SUKA CENTURY,SUKACENTURY,297,500,"May 24, 2016, 00:00","July 31, 2016, 23:59",68 days
880,TDIF,TDIFCODA10,160,"1,500","September 22, 2023, 00:00","October 10, 2023, 23:59",18 days
79,test tauzia group,T1000,1,12,"May 13, 2016, 00:00","May 17, 2016, 23:59",4 days
277,Pasar GENIT x bonusDOKU - K24,BONUSK24,0,50,"October 27, 2017, 00:00","December 5, 2017, 23:59",39 days
232,PulsaDOKU - KAI,PAKEDOKUKATF,103,200,"July 26, 2017, 00:00","August 31, 2017, 23:59",36 days
451,BIGO PROMO ,BIGO10,331,"1,000","November 19, 2018, 00:00","December 19, 2018, 23:59",30 days
722,CEBAN,CEBANPULSA99,18,500,"September 25, 2021, 00:00","October 10, 2021, 23:59",15 days
903,CEBAN,CEBANCODA24,"1,301","1,500","February 25, 2024, 00:00","March 10, 2024, 23:59",14 days
822,KAMSIADOKU,K24CNY,0,200,"January 20, 2023, 00:00","February 20, 2023, 23:59",31 days
156,EZY TOP UP 02,EZYTOPUP200,5,250,"October 17, 2016, 00:00","November 17, 2016, 23:59",31 days
612,HAPPYDIRUMAH,CAKDANHAPPYDIRUMAH,0,50,"March 27, 2020, 00:00","April 13, 2020, 23:59",17 days
811,testing,testi123,0,100,"October 17, 2022, 00:00","October 18, 2022, 23:59",1 days
455,CEBAN NOVEMBER,MOVIECEBAN11,0,300,"November 25, 2018, 00:00","December 10, 2018, 23:59",15 days
843,BAROKAH RAMADAN,RAMADANHOOPS,0,100,"March 22, 2023, 00:00","April 10, 2023, 23:59",19 days
306,Jakcloth Citilink,JAKCLOTHCITILINK,0,100,"December 6, 2017, 00:00","December 31, 2017, 23:59",25 days
229,PDPJuli - Listrik,LISTRIKJULI,496,500,"July 24, 2017, 00:00","August 31, 2017, 23:59",38 days
551,DOKU CEBAN,PULSA1010,497,500,"October 25, 2019, 00:00","November 10, 2019, 23:59",16 days
348,SPOTIFY CEBAN FEBUARY,SPOTIFYCEBANLAGI,15,500,"February 25, 2018, 00:00","March 5, 2018, 23:59",8 days
53,RAILINK TEST2,MILA100,0,10,"February 19, 2016, 00:00","February 22, 2016, 23:59",3 days
285,Pasar GENIT x bonusDOKU - BODYSHOP,BONUSBODYSHOP,0,100,"October 27, 2017, 00:00","December 5, 2017, 23:59",39 days
519,DOKU CEBAN,CEBANMUSIC6,34,250,"June 25, 2019, 00:00","July 10, 2019, 23:59",15 days
802,PROMO DOKU,DOKUBALIZOO,0,100,"September 1, 2022, 00:00","September 17, 2022, 23:59",16 days
691,RAZER GOLD,RAZERGOLDOKU,500,500,"March 26, 2021, 00:00","April 26, 2021, 23:59",31 days
686,DOKU CEBAN,TAGIHANYACEBAN,746,750,"March 25, 2021, 00:00","April 10, 2021, 23:59",16 days
900,CEBAN,CEBANTAGIHAN24,"1,500","1,500","February 25, 2024, 00:00","March 10, 2024, 23:59",14 days
878,CEBAN,CEBANGOCOCT10,719,750,"September 25, 2023, 00:00","October 10, 2023, 23:59",15 days
274,Pasar GENIT x bonusDOKU - Jansport,BONUSJANSPORT,0,100,"October 27, 2017, 00:00","December 5, 2017, 23:59",39 days
32,TestPromo,TestPromo,1,2,"January 6, 2016, 00:00","January 6, 2016, 23:59",0 days
754,LORDOKU,GOCLORDOKU1,0,500,"December 27, 2021, 00:00","January 10, 2022, 23:59",14 days
853,CEBAN,CEBANGOCJUNI,750,750,"May 25, 2023, 00:00","June 10, 2023, 23:59",16 days
738,isomen,BUMAMEDOKU,4,250,"November 15, 2021, 00:00","December 15, 2021, 23:59",30 days
545,test,test123,0,1,"September 20, 2019, 00:00","September 21, 2019, 23:59",1 days
35,PROMOTEST1,promotest1,0,7,"January 27, 2016, 00:00","January 28, 2016, 23:59",1 days
252,Bonus Travel,BONUSTRAVEL,0,500,"August 15, 2017, 00:00","September 30, 2017, 23:59",46 days
730,testisomen,test12345678,0,20,"October 6, 2021, 00:00","October 8, 2021, 23:59",2 days
614,HAPPYDIRUMAH,test1,0,5,"March 27, 2020, 00:00","April 13, 2020, 23:59",17 days
12,VOUCHER1,VOUCHER1,0,2,"December 30, 2015, 00:00","December 30, 2015, 23:59",0 days
564,DOKU CEBAN,CEBANMOVIE11,9,250,"November 25, 2019, 00:00","December 10, 2019, 23:59",15 days
877,CEBAN,CEBANCODAOCT10,659,750,"September 25, 2023, 00:00","October 10, 2023, 23:59",15 days
195,SMARKDOKU,SMARKDOKU,0,500,"April 1, 2017, 00:00","June 30, 2017, 23:59",90 days
83,test marcell 3,TA300,0,2,"May 16, 2016, 00:00","May 17, 2016, 23:59",1 days
934,CEBAN,CEBANBILLER009,127,"1,500","September 25, 2024, 00:00","October 10, 2024, 23:59",15 days
54,test pulsa XL 1,TPXL1,0,10,"March 10, 2016, 00:00","March 12, 2016, 23:59",2 days
837,BAROKAH RAMADAN,MARHABANYAUNIPIN,999,"1,000","March 22, 2023, 00:00","April 21, 2023, 23:59",30 days
531,DOKU CEBAN,CEBANMOVIE7,0,500,"July 25, 2019, 00:00","August 10, 2019, 23:59",16 days
20,Promootesregdate,Promootesregdate,1,3,"December 31, 2015, 00:00","January 9, 2016, 23:59",9 days
436,CEBAN SEPTEMBER,CEBANMUSIC,73,300,"September 25, 2018, 00:00","October 10, 2018, 23:59",15 days
642,CEBAN,CEBANMUSIC07,9,250,"May 25, 2020, 00:00","June 10, 2020, 23:59",16 days
341,test sinta ,DOKUSINTA2,0,1,"February 23, 2018, 00:00","February 24, 2018, 23:59",1 days
371,CEBAN APRIL GENFLIX,GENFLIXCEBAN4,0,100,"April 25, 2018, 00:00","May 5, 2018, 23:59",10 days
536,GOBAN,TAGIHANGOBAN,187,250,"August 26, 2019, 00:00","August 31, 2019, 23:59",5 days
659,CEBAN,CEBANTAGIHAN100,494,500,"September 25, 2020, 00:00","October 10, 2020, 23:59",15 days
804,CEBAN,MABARENGDOKU,"1,500","1,500","September 25, 2022, 00:00","October 10, 2022, 23:59",15 days
789,CEBAN,CEBANGAME8,498,500,"July 25, 2022, 00:00","August 10, 2022, 23:59",16 days
372,GTUNES CEBAN APRIL,GTUNESCEBAN4,0,100,"April 25, 2018, 00:00","May 5, 2018, 23:59",10 days
671,test campaign nonton,test123456,0,100,"November 30, 2020, 00:00","December 1, 2020, 23:59",1 days
154,EZY TOP UP 2,EZYTOPUP20,3,250,"October 17, 2016, 00:00","November 17, 2016, 23:59",31 days
370,SPOTIFY CEBAN APRIL,SPOTIFYCEBAN4,41,100,"April 25, 2018, 00:00","May 5, 2018, 23:59",10 days
77,ALTHEA,BEAUTY,500,500,"May 4, 2016, 00:00","December 31, 2016, 23:59",241 days
697,CEBAN,CEBANTAGIHAPRIL,750,750,"April 25, 2021, 00:00","May 10, 2021, 23:59",15 days
28,PROMOCODE6,PROMOCODE6,1,2,"January 6, 2016, 00:00","January 6, 2016, 23:59",0 days
86,test althea 3,AIR50,0,1,"May 17, 2016, 00:00","May 18, 2016, 23:59",1 days
749,test campaign 1,testtest,0,10,"December 24, 2021, 00:00","December 25, 2021, 23:59",1 days
243,testcinemaxx,lk21,0,50,"August 15, 2017, 00:00","August 17, 2017, 23:59",2 days
289,Pasar GENIT x bonusDOKU - The Body Shop,BONUSTBS,3,100,"October 27, 2017, 00:00","December 5, 2017, 23:59",39 days
779,CEBAN,TAGIHANCEBANMEI05,0,"1,500","May 25, 2022, 00:00","June 10, 2022, 23:59",16 days
314,Harbolnas Alfa ,DOKUALFA1212,0,100,"December 12, 2017, 00:00","December 31, 2017, 23:59",19 days
830,test bittime 2,testlagi10,0,10,"February 14, 2023, 00:00","February 15, 2023, 23:59",1 days
875,CEBAN,CEBANBILLEROCT001,"1,492","1,500","September 25, 2023, 00:00","October 10, 2023, 23:59",15 days
890,CEBAN,DECEMBERJEMPOLANUNIPIN,700,750,"November 25, 2023, 00:00","December 10, 2023, 23:59",15 days
628,CEBAN APRIL,CEBANPULSA04,0,500,"April 25, 2020, 00:00","May 10, 2020, 23:59",15 days
650,CEBAN,CEBANTAGIHAN08,500,500,"July 25, 2020, 00:00","August 10, 2020, 23:59",16 days
675,CEBAN,CEBANONTON1,0,500,"January 25, 2021, 00:00","February 10, 2021, 23:59",16 days
74,PROMO RAILINK,BANGKOK,20,"2,000","April 20, 2016, 00:00","July 31, 2016, 23:59",102 days
461,CEBAN DESEMBER,PULSACEBAN12,466,500,"December 25, 2018, 00:00","January 10, 2019, 23:59",16 days
282,Pasar GENIT x bonusDOKU - JATIMPARK,BONUSJATIMPARK,0,100,"October 27, 2017, 00:00","December 5, 2017, 23:59",39 days
605,HAPPYDIRUMAH,HappyUnipin,0,"1,000","March 27, 2020, 00:00","April 20, 2020, 23:59",24 days
22,PROMOOCODE1,PROMOOCODE1,2,2,"January 4, 2016, 00:00","January 3, 2016, 23:59",0 days
838,BAROKAH RAMADAN,RAMADANRAILINK,0,100,"March 22, 2023, 00:00","April 30, 2023, 23:59",39 days
193,SMARK DOKU,SMARKDOKUPEDASTEST,0,500,"March 31, 2017, 00:00","May 31, 2017, 23:59",61 days
681,CEBAN,ANGPAOCEBANTAGIHAN,496,500,"February 25, 2021, 00:00","March 10, 2021, 23:59",13 days
833,CEBAN,CEBANGAMESTIGA,"1,498","1,500","February 25, 2023, 00:00","March 10, 2023, 23:59",13 days
855,CEBAN,CEBANBILLERJULI7,"1,459","1,500","June 25, 2023, 00:00","July 10, 2023, 23:59",15 days
242,cinemaxtest,testcode21,0,5,"August 14, 2017, 00:00","August 17, 2017, 23:59",3 days
176,CODA Valentine 3,DOKUCODA90,4,500,"February 10, 2017, 00:00","February 19, 2017, 23:59",9 days
434,CEBAN SEPTEMBER ,TAGIHANCEBAN9,392,500,"September 25, 2018, 00:00","October 10, 2018, 23:59",15 days
767,CEBAN,CEBANMUSICMARET03,2,250,"February 25, 2022, 00:00","March 10, 2022, 23:59",13 days
576,ANGPAO DOKU 2020,ANGPAOSRIWIJAYA,73,500,"January 20, 2020, 00:00","March 10, 2020, 23:59",50 days
866,TDIF,TDIFLEVIS23,0,100,"August 11, 2023, 00:00","August 20, 2023, 23:59",9 days
209,DIORAMA 25K,DIORAMA25,74,"1,500","June 7, 2017, 00:00","June 30, 2017, 23:59",23 days
602,CEBAN,CEBANMUSIC03,12,250,"March 25, 2020, 00:00","April 10, 2020, 23:59",16 days
394,test kfc dio,testkfcdio,0,100,"May 2, 2018, 00:00","May 5, 2018, 23:59",3 days
698,CEBAN,CEBANMUSICPAPRIL,6,250,"April 25, 2021, 00:00","May 10, 2021, 23:59",15 days
573,TEST ,TEST1,0,10,"January 16, 2020, 00:00","January 17, 2020, 23:59",1 days
933,CEBAN,CEBANCODA008,"1,448","1,500","August 25, 2024, 00:00","September 10, 2024, 23:59",16 days
95,Test Erafone,ERA123,1,3,"May 26, 2016, 00:00","May 27, 2016, 23:59",1 days
369,TAGIHAN CEBAN APRIL,TAGIHANCEBAN4,67,250,"April 25, 2018, 00:00","May 5, 2018, 23:59",10 days
421,DOKU HEMAT BANGET ,DOKUHEMAT20BGT,7,400,"September 1, 2018, 00:00","December 31, 2018, 23:59",121 days
379,CEBAN SUSHIROLL APRIL,TESTSUSHI,0,10,"April 25, 2018, 00:00","April 26, 2018, 23:59",1 days
469,ANGPAODOKU,ANGPAODOKU10,57,"2,000","February 5, 2019, 00:00","February 28, 2019, 23:59",23 days
746,CEBAN,CEBANPULSALIBURAN,51,750,"December 25, 2021, 00:00","January 10, 2022, 23:59",16 days
55,test Red,R20,1,11,"March 11, 2016, 00:00","March 14, 2016, 23:59",3 days
513,DOKU CEBAN,CEBANMOVIE5,147,250,"May 25, 2019, 00:00","June 10, 2019, 23:59",16 days
731,test lagi ,testlagi1,0,100,"October 12, 2021, 00:00","October 16, 2021, 23:59",4 days
185,DOKUCODA Valentines 4,CODADOKU120,1,250,"February 20, 2017, 00:00","March 1, 2017, 23:59",9 days
663,CEBAN,CEBANTAGIHAN011,491,500,"October 25, 2020, 00:00","November 10, 2020, 23:59",16 days
204,GENIT LIFESTYLE,GENITSTYLE,114,900,"May 8, 2017, 00:00","June 30, 2017, 23:59",53 days
184,DOKUCODA Valentines,CODADOKU90,0,500,"February 20, 2017, 00:00","March 1, 2017, 23:59",9 days
322,Tunas Wallet,DOKUTUNAS,0,"1,000","December 15, 2017, 00:00","June 30, 2018, 23:59",197 days
871,CEBAN,CEBANUNIPIN99,733,750,"August 25, 2023, 00:00","September 10, 2023, 23:59",16 days
449,BIGO,BIGOTEN,5,5,"November 6, 2018, 00:00","November 8, 2018, 23:59",2 days
581,ANGPAO DOKU 2020,ANGPAOG2G,0,500,"January 24, 2020, 00:00","March 10, 2020, 23:59",46 days
490,DOKUCEBAN,CEBANPULSA4,478,500,"April 25, 2019, 00:00","May 10, 2019, 23:59",15 days
257,DOKU Spotify October,OKTAFESTDOKU,144,"3,350","October 1, 2017, 00:00","November 5, 2017, 23:59",35 days
882,CEBAN,CEBANBILLER011,0,"1,500","October 25, 2023, 00:00","November 10, 2023, 23:59",16 days
568,CEBAN DESEMBER,CEBANTAGIHAN12,500,500,"December 25, 2019, 00:00","January 10, 2020, 23:59",16 days
896,CEBAN,CEBANTAGIHANTAHUNBARU,"1,499","1,500","December 25, 2023, 00:00","January 10, 2024, 23:59",16 days
905,BERKAHRAMADAN,BNETFITDOKU20,0,200,"March 20, 2024, 00:00","April 30, 2024, 23:59",41 days
426,Resep Ganteng ,PUYERGANTENGAJA,0,100,"September 10, 2018, 00:00","October 31, 2018, 23:59",51 days
929,SOBAT PEJUANG DOKU,PEJUANGARUDA5,0,50,"August 17, 2024, 00:00","September 17, 2024, 23:59",31 days
355,SPOTIFY CEBAN TIGA,SPOTIFYCEBANTIGA,42,500,"March 25, 2018, 00:00","April 5, 2018, 23:59",11 days
750,test test campaign,test test test ,0,100,"December 24, 2021, 00:00","December 25, 2021, 23:59",1 days
827,test bittime,testbittime,0,100,"January 30, 2023, 00:00","February 3, 2023, 23:59",4 days
440,DOKU RAILINK ,DOKURAILINK,23,"1,500","October 1, 2018, 00:00","October 31, 2018, 23:59",30 days
660,CEBAN,CEBANMUSIC100,7,250,"September 25, 2020, 00:00","October 10, 2020, 23:59",15 days
463,CEBAN DESEMBER ,MOVIECEBAN12,0,250,"December 25, 2018, 00:00","January 10, 2019, 23:59",16 days
841,BAROKAH RAMADAN,RAMADANJALANJALAN,0,500,"March 22, 2023, 00:00","April 10, 2023, 23:59",19 days
887,CEBAN,CEBANUNIPINOV11,724,750,"October 25, 2023, 00:00","November 10, 2023, 23:59",16 days
191,PHM NgetripHoki,PHMNGETRIPHOKI,1,"500,000","March 27, 2017, 00:00","April 2, 2017, 23:59",6 days
271,Pasar GENIT x bonusDOKU - KAI,BONUSKAI,0,200,"October 27, 2017, 00:00","December 5, 2017, 23:59",39 days
913,RamadanBnetfit,BNETFITRAMADAN10,1,200,"March 27, 2024, 00:00","April 30, 2024, 23:59",34 days
152,CODA PRINCESS,CODADREAM,4,"1,000","September 28, 2016, 00:00","October 31, 2016, 23:59",33 days
579,ANGPAO DOKU 2020,ANGPAOKLOOK,11,250,"February 1, 2020, 00:00","March 31, 2020, 23:59",59 days
597,PAKE DOKU DI LAWSON,LAWSONDOKU30,7,300,"March 16, 2020, 00:00","April 30, 2020, 23:59",45 days
911,RamadanBnetfit,RAMADANBNETFIT10,33,200,"March 27, 2024, 00:00","April 30, 2024, 23:59",34 days
304,Jakcloth KFC,JAKCLOTHKFC,0,100,"December 6, 2017, 00:00","December 31, 2017, 23:59",25 days
780,CEBAN,CEBANTAGIHANMEI55,537,"1,500","May 25, 2022, 00:00","June 10, 2022, 23:59",16 days
801,PROMO DOKU,DOKUTAMANSAFARI,0,100,"September 1, 2022, 00:00","September 17, 2022, 23:59",16 days
298,Jakcloth Jansport,JAKCLOTHJANSPORT,0,100,"December 6, 2017, 00:00","December 31, 2017, 23:59",25 days
539,DOKU CEBAN,CEBANTAGIHAN9,256,500,"September 25, 2019, 00:00","October 10, 2019, 23:59",15 days
869,CEBAN,CEBANUNIPINSEP9,0,750,"August 25, 2023, 00:00","September 10, 2023, 23:59",16 days
291,Pasar GENIT x bonusDOKU - MinimalMan,BONUSMINIMALMAN,0,500,"October 27, 2017, 00:00","December 5, 2017, 23:59",39 days
431,DOKU TEST ,TESTGEN,0,5,"September 24, 2018, 00:00","September 25, 2018, 23:59",1 days
886,CEBAN,CEBANGOCNOV11,736,750,"October 25, 2023, 00:00","November 10, 2023, 23:59",16 days
76,Test althea,TA600,1,3,"May 2, 2016, 00:00","May 3, 2016, 23:59",1 days
82,tes marcell 2,TM200,0,10,"May 16, 2016, 00:00","May 17, 2016, 23:59",1 days
317,Harbolnas DOKU 100K,DOKUBOLNAS100,6,500,"December 12, 2017, 00:00","December 31, 2017, 23:59",19 days
582,ANGPAO DOKU 2020,ANGPAOCITILINK,0,500,"January 20, 2020, 00:00","March 10, 2020, 23:59",50 days
359,DOKU PEDAS STYLEKOREAN,PEDASTYLE,0,200,"March 30, 2018, 00:00","May 1, 2018, 23:59",32 days
672,CEBAN,CEBANPULSADECEMBER,98,500,"December 25, 2020, 00:00","January 10, 2021, 23:59",16 days
733,CEBAN,CEBANPULSAOCT,18,500,"October 25, 2021, 00:00","November 11, 2021, 23:59",17 days
234,DOKUxRTS,SERUPAKEDOKU,64,"1,000","August 4, 2017, 00:00","August 31, 2017, 23:59",27 days
433,CEBAN SEPTEMBER,PULSACEBAN9,239,250,"September 25, 2018, 00:00","October 10, 2018, 23:59",15 days
505,DOKU MARHABAN ,MARHABANSTYLE,10,250,"May 6, 2019, 00:00","June 12, 2019, 23:59",37 days
742,CEBAN,CEBANTAGIHANDEC,746,750,"November 25, 2021, 00:00","December 10, 2021, 23:59",15 days
897,CEBAN,CEBANCODATAHUNBARUAN,616,750,"December 25, 2023, 00:00","January 10, 2024, 23:59",16 days
814,CEBAN,CEBANGAMESGOC,750,750,"November 25, 2022, 00:00","December 10, 2022, 23:59",15 days
760,CEBANFEBUARY,SILIHAIMUSIC,2,250,"January 25, 2022, 00:00","February 10, 2022, 23:59",16 days
202,PROMO GENITRANSPORT ,GENITRAVEL,107,250,"May 8, 2017, 00:00","June 30, 2017, 23:59",53 days
552,DOKU CEBAN,TAGIHAN1010,499,500,"October 25, 2019, 00:00","November 10, 2019, 23:59",16 days
363,DOKU PEDAS k24,PEDASK24,0,300,"March 30, 2018, 00:00","May 1, 2018, 23:59",32 days
237,Indosat 250,ISATPULSA250,4,100,"August 10, 2017, 00:00","September 30, 2017, 23:59",51 days
611,HAPPYDIRUMAH,HappyHypermart,0,500,"March 27, 2020, 00:00","April 20, 2020, 23:59",24 days
937,CEBAN,CEBANUNIPINSEP09,"1,246","1,500","September 25, 2024, 00:00","October 10, 2024, 23:59",15 days
679,CEBAN,CEBAN01,0,250,"January 25, 2021, 00:00","February 10, 2021, 23:59",16 days
693,CEBAN,CEBANPULSAPRIL,92,500,"April 25, 2021, 00:00","May 10, 2021, 23:59",15 days
728,ISOMEN,DOKUPRODIA,1,200,"September 25, 2021, 00:00","October 25, 2021, 23:59",30 days
795,PROKLAMASI,BALIZOODOKU,0,150,"August 25, 2022, 00:00","September 15, 2022, 23:59",21 days
836,CEBAN,CEBANGAMESAPRIL4,"1,497","1,500","March 25, 2023, 00:00","April 10, 2023, 23:59",16 days
516,Thank DOKU its Friday,TDIFTELKOMSEL4,483,500,"June 21, 2019, 00:00","June 23, 2019, 23:59",2 days
47,TEST ENSOGO,MILA50,4,15,"February 16, 2016, 00:00","February 20, 2016, 23:59",4 days
26,PROMOCODE5,PROMOCODE5,1,2,"January 5, 2016, 00:00","January 5, 2016, 23:59",0 days
240,PTR PDAM Aetra,PTRAETRA,0,1,"August 11, 2017, 00:00","August 11, 2017, 23:59",0 days
688,test razer,test9999,0,10,"March 24, 2021, 00:00","March 25, 2021, 23:59",1 days
380,TTESTSUSHIROLL,TTESTSUSHIROLL,0,10,"April 25, 2018, 00:00","April 26, 2018, 23:59",1 days
210,DIORAMA 50K,DIORAMA50,102,"1,000","June 7, 2017, 00:00","June 30, 2017, 23:59",23 days
111,LAKU6,LAKU6DOKU,10,200,"August 15, 2016, 00:00","December 31, 2016, 23:59",138 days
361,PEDAS DOKU FITNESIA ,PEDASFITS,0,300,"March 30, 2018, 00:00","May 1, 2018, 23:59",32 days
485,Thank DOKU its Friday,TDIF,1,250,"April 19, 2019, 00:00","April 21, 2019, 23:59",2 days
177,CODA Valentine 4,DOKUCODA120,2,250,"February 10, 2017, 00:00","February 19, 2017, 23:59",9 days
43,EVIEC,EVI1,1,5,"February 9, 2016, 00:00","February 10, 2016, 23:59",1 days
73,test rl 2,RL10,2,10,"April 18, 2016, 00:00","April 22, 2016, 23:59",4 days
387,TEST DIORAMA,TESTDIORAMA,0,100,"April 30, 2018, 00:00","May 6, 2018, 23:59",6 days
528,DOKU CEBAN ,CEBANPULS7,0,500,"July 25, 2019, 00:00","August 10, 2019, 23:59",16 days
383,"TEST SUSHI ROll, GTunes and genflix",TESTLAGI,0,1,"April 30, 2018, 00:00","May 1, 2018, 23:59",1 days
867,TDIF,TDIFBBW,0,150,"August 11, 2023, 00:00","August 20, 2023, 23:59",9 days
91,SUKA EZBUY,SUKAEZYBUY,0,300,"May 24, 2016, 00:00","July 31, 2016, 23:59",68 days
389,test diorama paket data ,testpaketdio,0,1,"May 2, 2018, 00:00","May 5, 2018, 23:59",3 days
641,CEBAN,CEBANTAGIHAN07,499,500,"May 25, 2020, 00:00","June 10, 2020, 23:59",16 days
157,EZY TOP UP 03,EZYTOPUP400,1,100,"October 17, 2016, 00:00","November 17, 2016, 23:59",31 days
847,CEBAN,CEBANBILLERMEI,"1,468","1,500","April 25, 2023, 00:00","May 10, 2023, 23:59",15 days
427,OBAT GANTENG DISKON SABLENG ,JAMUGANTENG,"1,497","1,500","September 10, 2018, 00:00","October 31, 2018, 23:59",51 days
377,SUSHIROLL CEBAN APRIL,CEBANSUSHIROLL,0,100,"April 25, 2018, 00:00","May 5, 2018, 23:59",10 days
704,CEBAN,CEBANPULSAJUNI,19,500,"June 25, 2021, 00:00","July 10, 2021, 23:59",15 days
858,CEBAN,CEBANBILLERAUG8,"1,475","1,500","July 25, 2023, 00:00","August 10, 2023, 23:59",16 days
846,CEBAN,CEBANBILLERAPRIL01,0,"1,500","April 25, 2023, 00:00","May 10, 2023, 23:59",15 days
422,RESEP OBAT GANTENG ,PILGANTENG,0,"4,240","September 10, 2018, 00:00","October 31, 2018, 23:59",51 days
264,DOKU TarQ,DOKUTARQ,11,100,"October 20, 2017, 00:00","November 5, 2017, 23:59",16 days
75,test popazop 1,PZP100,0,1,"April 27, 2016, 00:00","April 28, 2016, 23:59",1 days
473,DOKU CEBAN FEBRUARY,TAGIHANCEBAN2,0,500,"February 25, 2019, 00:00","March 10, 2019, 23:59",13 days
907,BERKAHRAMADAN,MAXIMDOKU,0,"1,000","March 20, 2024, 00:00","April 30, 2024, 23:59",41 days
259,testingvoucher,testing2,20,20,"October 1, 2017, 00:00","October 31, 2017, 23:59",30 days
21,PROMOCODE1,PROMOCODE1,0,2,"January 4, 2016, 00:00","January 3, 2016, 23:59",0 days
805,CEBAN,MABARENGCODA,749,750,"September 26, 2022, 00:00","October 10, 2022, 23:59",14 days
286,Pasar GENIT x bonusDOKU - TRANSVISION,BONUSTRANSVISION,0,100,"October 27, 2017, 00:00","December 5, 2017, 23:59",39 days
533,DOKU CEBAN ,CEBANMUSIC7,37,500,"July 25, 2019, 00:00","August 10, 2019, 23:59",16 days
228,PDPJuli - Paket Data,DATAJULI,13,500,"July 24, 2017, 00:00","August 31, 2017, 23:59",38 days
276,Pasar GENIT x bonusDOKU - AlfaCart,BONUSALFACART,0,100,"October 27, 2017, 00:00","December 5, 2017, 23:59",39 days
677,CEBAN,CEBANAGIH01,996,"1,000","January 25, 2021, 00:00","February 10, 2021, 23:59",16 days
70,TEST XL 9,KL100,1,2,"March 18, 2016, 00:00","March 19, 2016, 23:59",1 days
187,DOKU PEDAS GRAB,GRABDOKUPEDAS,46,500,"March 13, 2017, 00:00","April 9, 2017, 23:59",27 days
902,CEBAN,CEBANUNIPIN24,"1,447","1,500","February 25, 2024, 00:00","March 10, 2024, 23:59",14 days
336,Test GTunes,TESTSUSHIGTUNES,0,20,"February 1, 2018, 00:00","February 28, 2018, 23:59",27 days
711,CEBAN,TAGIHANYACEBAN ,0,750,"August 25, 2021, 00:00","September 10, 2021, 23:59",16 days
103,Testing Coda,TESTINGCODA,0,2,"June 8, 2016, 00:00","June 8, 2016, 23:59",0 days
327,DOKU Spotify CEBAN,SPOTIFYCEBAN,12,500,"January 25, 2018, 00:00","February 5, 2018, 23:59",11 days
800,DOKU PROMO,TERBANGBERSAMADOKU,0,100,"September 1, 2022, 00:00","September 17, 2022, 23:59",16 days
506,Thank DOKU its Friday,TDIFTSEL,441,500,"May 17, 2019, 00:00","May 19, 2019, 23:59",2 days
364,DOKU PEDAS BODYSHOP ,PEDASSHOP,13,200,"March 30, 2018, 00:00","May 1, 2018, 23:59",32 days
354,TAGIHAN CEBAN MARET,TAGIHANCEBANTIGA,81,500,"March 25, 2018, 00:00","April 5, 2018, 23:59",11 days
51,ALFA TEST3,EVI150,1,10,"February 17, 2016, 00:00","February 20, 2016, 23:59",3 days
617,test alfacart,testalfacart,0,20,"April 2, 2020, 00:00","April 4, 2020, 23:59",2 days
33,promo1,promo1,1,3,"January 8, 2016, 00:00","January 8, 2016, 23:59",0 days
80,test althea 2,TA2,1,10,"May 16, 2016, 00:00","May 17, 2016, 23:59",1 days
667,CEBAN,CEBANMUSICNOV,9,500,"November 25, 2020, 00:00","December 10, 2020, 23:59",15 days
554,DOKU CEBAN ,MOVIE1010,49,250,"October 25, 2019, 00:00","November 10, 2019, 23:59",16 days
575,ANGPAO DOKU 2020,ANGPAOAIRASIA,62,500,"January 20, 2020, 00:00","March 10, 2020, 23:59",50 days
479,TOP UP GASPOL CUMAN PAKE JEMPOL,PERMATADOKU,"1,155","2,000","March 5, 2019, 00:00","May 6, 2019, 23:59",62 days
293,Test Cinemaxx,testingmaxx,0,10,"November 7, 2017, 00:00","November 10, 2017, 23:59",3 days
658,CEBAN,CEBANPULSA100,265,500,"September 25, 2020, 00:00","October 10, 2020, 23:59",15 days
4,Voucher Coba,VoucherCoba,1,2,"December 22, 2015, 00:00","December 22, 2015, 23:59",0 days
235,FLEXDOKU,FLEX20K,4,"5,000","August 7, 2017, 00:00","November 7, 2017, 23:59",92 days
226,PDPJuli - Nikmat,NIKMATJULI,4,200,"July 24, 2017, 00:00","August 31, 2017, 23:59",38 days
351,NOBAR SERU PACIFIC RIM 2,NOBARSERUDOKU,0,100,"March 12, 2018, 00:00","March 21, 2018, 23:59",9 days
437,CEBAN SEPTEMBER,CEBANMOVIE,0,200,"September 25, 2018, 00:00","October 10, 2018, 23:59",15 days
188,TEST PHM,PHMTEST,0,50,"March 13, 2017, 00:00","April 9, 2017, 23:59",27 days
261,Bagimu Negeri,BAGIMUNEGERI,3,"5,000","October 1, 2017, 00:00","November 30, 2017, 23:59",60 days
774,MARHABANDOKU,CahyaDiCitilink,0,100,"April 18, 2022, 00:00","May 18, 2022, 23:59",30 days
186,DOKUCODA Valentines 5,CODADOKU250,0,250,"February 20, 2017, 00:00","March 1, 2017, 23:59",9 days
239,Indosat Pulsa 1000,ISATPULSA1000,0,100,"August 10, 2017, 00:00","September 30, 2017, 23:59",51 days
527,PARTNER DOKU,FXDOKU,0,"1,500","July 5, 2019, 00:00","December 31, 2019, 23:59",179 days
273,Pasar GENIT x bonusDOKU - Danar Hadi,BONUSDANARHADI,0,50,"October 27, 2017, 00:00","December 5, 2017, 23:59",39 days
84,MARCELL ANTHOLOGY,MARCELL,3,500,"May 17, 2016, 00:00","June 2, 2016, 23:59",16 days
521,NOBARENGDOKU,DOKUBTSINDO ,0,500,"July 3, 2019, 00:00","July 5, 2019, 23:59",2 days
352,NOBAR SERU DOKU,NOBARSERUDOKU2,3,100,"March 12, 2018, 00:00","March 21, 2018, 23:59",9 days
590,CEBAN,TAGIHAN1,493,500,"January 25, 2020, 00:00","February 10, 2020, 23:59",16 days
411,TAGIHAN CEBAN JULY,TAGIHANCEBAN7,250,250,"July 25, 2018, 00:00","August 10, 2018, 23:59",16 days
396,DIORAMA PAKET DATA ,DIORAMAPD,0,750,"May 1, 2018, 00:00","June 19, 2018, 23:59",49 days
662,CEBAN,CEBANPULSA011,181,500,"October 25, 2020, 00:00","November 10, 2020, 23:59",16 days
6,Promootes,PrOmoTes,0,2,"December 23, 2015, 00:00","January 23, 2016, 23:59",31 days
303,Jakcloth PHD,JAKCLOTHPHD,1,100,"December 6, 2017, 00:00","December 31, 2017, 23:59",25 days
353,PULSA CEBAN MARET ,PULSACEBANTIGA,901,"1,000","March 25, 2018, 00:00","April 5, 2018, 23:59",11 days
493,DOKU CEBAN,CEBANMUSIC4,38,250,"April 25, 2019, 00:00","May 10, 2019, 23:59",15 days
162,Test XL 3,TESTXL3,0,2,"November 2, 2016, 00:00","November 3, 2016, 23:59",1 days
781,CEBAN,CEBANMUSICMEI55,2,250,"May 25, 2022, 00:00","June 10, 2022, 23:59",16 days
916,CEBAN,CEBANGAMES001,"1,401","1,500","June 25, 2024, 00:00","July 10, 2024, 23:59",15 days
90,SUKA EZY,SUKAEZY,287,300,"May 24, 2016, 00:00","June 5, 2016, 23:59",12 days
817,CEBAN,GAMES12,"1,500","1,500","December 25, 2022, 00:00","January 10, 2023, 23:59",16 days
367,"TEST Sushi roll , genflix and G-tunes ",TESTPROMOCODE ,0,10,"April 4, 2018, 00:00","April 5, 2018, 23:59",1 days
295,Jakcloth Bolt,JAKCLOTHBOLT,0,200,"December 6, 2017, 00:00","December 31, 2017, 23:59",25 days
652,DOKU JALAN JALAN,DOKUKLOOK50,0,100,"July 25, 2020, 00:00","August 25, 2020, 23:59",31 days
219,PDPJuli - JOOX,JOOXJULI,2,100,"July 24, 2017, 00:00","August 31, 2017, 23:59",38 days
893,JEMPOLAN,DOKUJEMPOLANBITTIME,500,500,"December 20, 2023, 00:00","January 31, 2024, 23:59",42 days
857,CEBAN,CEBANGAMESJULI7,"1,478","1,500","June 25, 2023, 00:00","July 10, 2023, 23:59",15 days
155,EZY TOP UP 01,EZYTOPUP100,11,250,"October 17, 2016, 00:00","November 17, 2016, 23:59",31 days
787,UNIPIN ULANG TAHUN,UNIPINDOKU10,7,"1,000","July 14, 2022, 00:00","July 23, 2022, 23:59",9 days
255,DOKU SANTAN Coolinair,DOKUSANTANPULSA,"1,056","1,125","September 29, 2017, 00:00","October 8, 2017, 23:59",9 days
761,CEBANFEBUARY,LIHAINYAGAME,146,500,"January 25, 2022, 00:00","February 10, 2022, 23:59",16 days
107,SUKA EZBUY 2,SUKAEZBUY2,8,300,"June 16, 2016, 00:00","July 31, 2016, 23:59",45 days
108,SUKA ERAFONE,SUKADOKU2,13,15,"June 17, 2016, 00:00","June 30, 2016, 23:59",13 days
678,CEBAN,CEBANMUSIC01,4,250,"January 25, 2021, 00:00","February 10, 2021, 23:59",16 days
744,CEBAN,CEBANMUSICLIBURAN,3,250,"December 25, 2021, 00:00","January 10, 2022, 23:59",16 days
917,CEBAN,CEBANUNIPIN001,"1,445","1,500","June 25, 2024, 00:00","July 10, 2024, 23:59",15 days
448,CEBAN OKTOBER ,CEBANMUSIC10,70,250,"October 25, 2018, 00:00","November 10, 2018, 23:59",16 days
700,CEBAN,CEBANPULSAMEI,19,500,"May 25, 2021, 00:00","June 10, 2021, 23:59",16 days
190,DOKU Pedas,DOKUPEDAS,25,"1,900","March 23, 2017, 00:00","April 30, 2017, 23:59",38 days
27,TestBasket,TestBasket,2,2,"January 5, 2016, 00:00","January 5, 2016, 23:59",0 days
178,CODA Valentine 5,DOKUCODA250,3,250,"February 10, 2017, 00:00","February 19, 2017, 23:59",9 days
358,DOKU PEDAS K24,PEDAS24,0,300,"March 30, 2018, 00:00","May 1, 2018, 23:59",32 days
609,HAPPYDIRUMAH,HappyMusic,21,500,"March 27, 2020, 00:00","April 20, 2020, 23:59",24 days
888,CEBAN,CEBANCODANOV11,660,750,"October 25, 2023, 00:00","November 10, 2023, 23:59",16 days
16,VoucherRegistrasi,VoucherRegistrasi,0,3,"June 6, 0036, 00:00","July 9, 0010, 23:59",-9463 days
52,TEST RAILINK,BREMIRAILINK,2,11,"February 18, 2016, 00:00","February 19, 2016, 23:59",1 days
669,NONTONBARENGDOKU,NONTONBARENGDITO,1,500,"December 1, 2020, 00:00","December 16, 2020, 23:59",15 days
66,Discount 10% XL200,XL200,16,360,"March 16, 2016, 00:00","May 31, 2016, 23:59",76 days
205,GENIT F&B,GENITFNB,54,500,"May 8, 2017, 00:00","June 30, 2017, 23:59",53 days
622,testalfacart2,alfa2,0,"1,000","April 2, 2020, 00:00","April 4, 2020, 23:59",2 days
844,test ceban ,test1234567,0,100,"March 22, 2023, 00:00","March 24, 2023, 23:59",2 days
59,Test XL 5,BULAN25,0,6,"March 14, 2016, 00:00","March 15, 2016, 23:59",1 days
720,testcampaignisomen,test888,0,10,"September 24, 2021, 00:00","September 25, 2021, 23:59",1 days
297,Jakcloth Spotify,JAKCLOTHSPOTIFY,1,200,"December 6, 2017, 00:00","December 31, 2017, 23:59",25 days
651,CEBAN,CEBANMUSIC008,10,250,"July 25, 2020, 00:00","August 10, 2020, 23:59",16 days
741,CEBAN,CEBANPULSADEC,12,500,"November 25, 2021, 00:00","December 10, 2021, 23:59",15 days
435,CEBAN SEPTEMBER,SPOTIFYCEBAN9,0,100,"September 25, 2018, 00:00","October 10, 2018, 23:59",15 days
87,RAILINK LEBARAN,KETUPAT,2,"1,000","May 19, 2016, 00:00","July 31, 2016, 23:59",73 days
872,CEBAN,CEBANGOC99,742,750,"August 25, 2023, 00:00","September 10, 2023, 23:59",16 days
163,Test XL 4,TESTXL4,0,3,"November 2, 2016, 00:00","November 3, 2016, 23:59",1 days
415,DOKU HEMAT ,DOKUHEMAT10,26,100,"August 1, 2018, 00:00","August 31, 2018, 23:59",30 days
175,CODA Valentine 2,DOKUCODA60,0,500,"January 1, 2017, 00:00","February 20, 2017, 23:59",50 days
438,DOKU HEMAT ,DOKUHEMATLAGI,0,"1,500","October 1, 2018, 00:00","December 31, 2018, 23:59",91 days
225,PDPJuli - LAZADA,LAZADAJULI,500,500,"July 24, 2017, 00:00","August 31, 2017, 23:59",38 days
267,Indosat Pulsa 250,ISATPLS250,0,100,"October 23, 2017, 00:00","December 31, 2017, 23:59",69 days
244,Bonus Airlines,BONUSAIRLINES,1,100,"August 15, 2017, 00:00","September 4, 2017, 23:59",20 days
368,PULSA CEBAN APRIL,PULSACEBAN4,155,500,"April 25, 2018, 00:00","May 5, 2018, 23:59",10 days
577,ANGPAO DOKU 2020,ANGPAOSTYLE,0,250,"January 20, 2020, 00:00","March 10, 2020, 23:59",50 days
848,CEBAN,CEBANGAMESMEI,"1,495","1,500","April 25, 2023, 00:00","May 10, 2023, 23:59",15 days
192,AirAsia NgetripHoki,AANGETRIPHOKI,20,500,"March 27, 2017, 00:00","April 2, 2017, 23:59",6 days
428,OBAT GANTENG DISKON SABLENG ,JAMUGANTENGBGT,1,100,"September 10, 2018, 00:00","October 31, 2018, 23:59",51 days
647,CEBAN ,TAGIHANCEBAN007,500,500,"June 25, 2020, 00:00","July 10, 2020, 23:59",15 days
885,CEBAN,CEBANBILLERNOV11,"1,473","1,500","October 25, 2023, 00:00","November 10, 2023, 23:59",16 days
595,PAKE DOKU Di LAWSON,DOKULAWSON10,0,100,"March 16, 2020, 00:00","April 30, 2020, 23:59",45 days
323,DOKU TAHURA RUN,DOKUTAHURA,1,150,"January 20, 2018, 00:00","January 22, 2018, 23:59",2 days
376,GTUNES CEBAN APRIL,CEBANGTUNES,0,100,"April 25, 2018, 00:00","May 5, 2018, 23:59",10 days
423,OBAT GANTENG ,PUYERGANTENG,2,"4,200","September 10, 2018, 00:00","October 31, 2018, 23:59",51 days
540,DOKU CEBAN,CEBANMOVIE9,21,250,"September 25, 2019, 00:00","October 10, 2019, 23:59",15 days
655,DOKUCEBAN,CEBANMUSIC09,11,250,"August 25, 2020, 00:00","September 10, 2020, 23:59",16 days
305,Jakcloth RedDoorz,JAKCLOTHREDDOORZ,0,25,"December 6, 2017, 00:00","December 31, 2017, 23:59",25 days
50,test alfa 2,EVI100,1,10,"February 17, 2016, 00:00","February 19, 2016, 23:59",2 days
831,CEBAN,GOCEBANTIGA,750,750,"February 25, 2023, 00:00","March 10, 2023, 23:59",13 days
203,GENIT ENTERTAINMENT,GENITAINMENT,216,850,"May 8, 2017, 00:00","June 30, 2017, 23:59",53 days
921,CEBAN,CEBANCODA77,"1,431","1,500","July 25, 2024, 00:00","August 10, 2024, 23:59",16 days
765,CEBAN,DOKUMARETCEBAN03,"1,495","1,500","February 25, 2022, 00:00","March 10, 2022, 23:59",13 days
904,TESTING BNETFIT,TESTBNET,0,100,"March 15, 2024, 00:00","March 16, 2024, 23:59",1 days
168,TEST XL 9,TESTXL9,0,1,"November 3, 2016, 00:00","November 4, 2016, 23:59",1 days
67,Discount 10% XL300,XL300,11,360,"March 16, 2016, 00:00","May 31, 2016, 23:59",76 days
146,Test Indosat 10% 50K ,TESTISAT501,0,100,"September 13, 2016, 00:00","September 30, 2016, 23:59",17 days
227,PDPJuli - Pulsa,PULSAJULI,475,500,"July 24, 2017, 00:00","August 31, 2017, 23:59",38 days
525,NOBARENGDOKU,DOKUKEPPJANGFAMS,20,500,"July 3, 2019, 00:00","July 5, 2019, 23:59",2 days
488,Thank DOKU its Friday,TDIFSHOW,69,100,"April 19, 2019, 00:00","April 21, 2019, 23:59",2 days
233,DOKUxRTS,DOKUMAKINSERU,"1,879","2,000","July 29, 2017, 00:00","September 30, 2017, 23:59",63 days
517,DOKU CEBAN ,CEBANPULSA6,495,500,"June 25, 2019, 00:00","July 10, 2019, 23:59",15 days
301,Jakcloth The Body Shop,JAKCLOTHTBS,0,100,"December 6, 2017, 00:00","December 31, 2017, 23:59",25 days
676,CEBAN,CEBANDATAPULSA01,171,500,"January 25, 2021, 00:00","February 10, 2021, 23:59",16 days
682,CEBAN,ANGPAOCEBANMUSIC,5,250,"February 25, 2021, 00:00","March 10, 2021, 23:59",13 days
400,NONTON SERU BARENG DOKU ,DOKUDEADPOOL,0,"1,000","May 9, 2018, 00:00","May 31, 2018, 23:59",22 days
653,DOKU JALAN JALAN,DOKUKLOOK100,0,100,"July 25, 2020, 00:00","August 25, 2020, 23:59",31 days
666,CEBAN,CEBANOVEMBERTAGIHAN,490,500,"November 25, 2020, 00:00","December 10, 2020, 23:59",15 days
268,Indosat Pulsa 500,ISATPLS500,2,100,"October 23, 2017, 00:00","December 31, 2017, 23:59",69 days
713,CEBAN,DOKUGOCEBAN,0,250,"August 25, 2021, 00:00","September 10, 2021, 23:59",16 days
38,BREMIHYPER,BREMIHM,2,15,"February 5, 2016, 00:00","February 6, 2016, 23:59",1 days
231,PDPJuli - StyleKorean,STYLEKOREANJULI,0,50,"July 24, 2017, 00:00","August 31, 2017, 23:59",38 days
392,test google dio,googleDIO,0,100,"May 2, 2018, 00:00","May 5, 2018, 23:59",3 days
553,DOKU CEBAN,MUSIC1010,26,250,"October 25, 2019, 00:00","November 10, 2019, 23:59",16 days
555,test unipin ,testuni1,0,50,"October 22, 2019, 00:00","October 25, 2019, 23:59",3 days
386,CEBANGTUNES,GTUNESCEBAN,1,100,"April 30, 2018, 00:00","May 10, 2018, 23:59",10 days
734,CEBAN,CEBANTAGIHANOCT,666,750,"October 25, 2021, 00:00","November 10, 2021, 23:59",16 days
308,Jakcloth Pulsa Data,OBRALPULSA,45,500,"December 6, 2017, 00:00","December 31, 2017, 23:59",25 days
307,Jakcloth Lazada,JAKCLOTHLAZADA,105,200,"December 6, 2017, 00:00","December 31, 2017, 23:59",25 days
725,CEBAN,CEBANGAMES99,750,750,"September 25, 2021, 00:00","October 10, 2021, 23:59",15 days
583,ANGPAO DOKU ,ANGPAOSAFARI,0,50,"February 1, 2020, 00:00","March 10, 2020, 23:59",38 days
636,MARHABAN DOKU ,UNIPINDOKU,29,"1,000","May 18, 2020, 00:00","June 18, 2020, 23:59",31 days
561,DOKU CEBAN,CEBANTAGOHAN11,0,500,"November 25, 2019, 00:00","December 10, 2019, 23:59",15 days
792,PROKLAMASI,DOKUPROKLAMASI,1,100,"August 17, 2022, 00:00","August 31, 2022, 23:59",14 days
868,CEBAN,CEBANSEP09,"1,479","1,500","August 25, 2023, 00:00","September 10, 2023, 23:59",16 days
65,Discount 10% XL100,XL100,62,510,"March 16, 2016, 00:00","May 31, 2016, 23:59",76 days
607,HAPPYDIRUMAH,HappyKFC,0,"1,000","March 27, 2020, 00:00","April 20, 2020, 23:59",24 days
610,HAPPYDIRUMAH,HappyPHD,9,"1,000","March 27, 2020, 00:00","April 20, 2020, 23:59",24 days
263,test cinemax,testmovie,0,25,"October 1, 2017, 00:00","October 31, 2017, 23:59",30 days
311,Harbolnas DOKU 50K,DOKUBOLNAS50K,2,750,"December 12, 2017, 00:00","December 31, 2017, 23:59",19 days
10,VoucherQC,VoucherQC,0,3,"December 29, 2015, 00:00","December 31, 2015, 23:59",2 days
664,CEBAN,CEBANMUSIC011,7,250,"October 25, 2020, 00:00","November 10, 2020, 23:59",16 days
